" |text необходимый устранить шакал избежание летальный исход"
" |text нежный отлов собака город"
" |text нужный отлов пока нибыть покупать"
" |text ост ферма жить целый стая собака взрослый щенок около нападать человек собака бегать жк соловьиный роща сказочный лес принять пожалуйста мера нападение серьезный последствие писать ответить поймать собака весь собака место ужас"
" |text пос залесный улица осиновский появиться стая бездомный собака собака очень большой"
" |text администрация конец конец среагировать обращение гражданин писать выше услышать улица невозможно ходить стая собака накинуться сноха прокусить сапог это дочь ребенок ходить школа ждать смерть сначала загрызть"
" |text вновь появиться стая больший бездомный собака ходить возле мусорк штука ребенок взрослый бояться выходить улица собака большой среди девочка это значит собака адекватный агрессивный просьба разобраться ходить школа работа собака кидаться человек"
" |text огромный стая собака улица мешать жить писать сюда безрезультатно городской служба делать вид отлавливать собака дело оставаться надеяться помочь избавить надоедливый собака видео лаять https недоверие сомнение youtu thnfqnopj k"
" |text бездомный собака носиться улица чапаев сегодня возвращение гараж около бездомный собака укусить левый нога место нападение указать рис сфотографировать собака возможность время поздний примерный территория дислокация фо"
" |text мк ново северный кариес включая собираться стая собака шт пугать ребенок"
" |text день район дом столичный бродить стая агрессивный собака местный паблик зеленодольск life выложить видео фото человек который просить помощь прохожий который отоковать стая ребенок гулять лыжа страшно"
" |text послать улица ребенок напасть свернуть улица около собака"
" |text каждый день заправляться заправка татнефтепродукт территория жить собака машина страшно выходить лаять кидаться вчера наброситься женщина который приехать заправлиться пожалуйста принять мера"
" |text крупный собака обычно находиться район далее магазин пятерочка ул журналист далее пионерский возле школа двор далее журналист лаять прохожий бежать человек"
" |text идти работа сегодня год напасть собака"
" |text возле дом поселиться бродячий собака который активизироваться темный время сутки свой лай мешать спать часто лаять забросить здание напротив го дом бывать особый лай стабильно каждый ночь"
" |text сегодня бездомный собака наброситься ребенок укусить нога обращаться"
" |text возле дом агрызский ходить стая бездомный собака"
" |text плата восточный бегать стая бродячий собака наш ребенок возвращаться домой школа вечером опасный гулять ро улица просить принять мера обезвреживание дать дикий животное"
" |text дворняга лето вырасти внушительный размер постоянно находиться близость школа давать проход прохожий кусать ул кызыл армейский очень сильно лаять также нападать ребенок человек выгуливать свой собака весь жить открытый база кызыл армескай"
" |text добрый день просить помощь связь толпа собака бродить поселок восточный взрослый ребенок опасность"
" |text стая бродячий злой собака давать покой житель близлежащий дом кормиться мусорный бак"
" |text территория мбоу оош обитать агрессивный бродячий бездомный собака который набрасываться школьник воспитанник детский сад"
" |text просить произвести отлов бродячий бездомный собака мкр урсало именно улица драцкий тюнина сатаров"
" |text агрессивный собака возможно пройти спокойно несколько собака женский полый выводок щенок бегать лесополас улица собираться стая"
" |text стая бездомный собака нападать человек нападение ребенок взрослый участок дорога являться частью маршрут передвижение учащийся школа находиться адрес ул агрызкай дом место учеба обратно"
" |text детский площадка двор ул гагарин давно обосноваться стая бездомный собака нападать прохожий лаять ночь просьба принять мера"
" |text жк светлый долина вблизи школа бродить стая бездомный собака небезопасно житель учащийся школа"
" |text несколько крупный собака ошейник представлять опасность ребенок одинокий прохожий"
" |text здравствовать писать счет собака животное любить гулять здоровый собака двор страшно выходить ребенок улица знать ум заранее благодарить решить проблема собака вечером возле мусор сидеть"
" |text бездомный собака бросаться человек ряд детский сад собака перелезать забор детский сад"
" |text двор дом б ул белинский очень бездомный собака страшно гулять ребенок"
" |text район детский площадка дом обитать стая бездомный собака количество шт собака гулять детский площадка подходить очень близко ребенок представлять опасность здоровье жизнь ребенок случай нападение собака это район"
" |text последний число год наш двор завестись стая бродячий собака заходить подъезд вести агрессивно страшно выходить улица многочисленный обращение администрация город дать положительный результат просить принять мера спасти"
" |text ул кызыл армейский далее поселиться свора собака примерно шт бегать толпа очень агрессивно вести кидаться человек вырывать пакет рычать вцепиться шуба женщина оторвать клок ряд школа n гимназия n каток ребенок"
" |text огромный свора бездомный собака штука пугать ребенок идти школа обратно это приходиться водить сопровождение взрослый собака раса большой стая ничто бояться весь чаща огрызаться прохожий просить принять мера отловить"
" |text осень жаль многий собака выкидывать улица вынудить жить факт собака жить улица близкий дикий агрессивный животный домашний"
" |text стая собака возле мусорный контейнер грызуться разбрасывать мусор"
" |text здравствовать принять пожалуйста мера очень бездомный собака б территория школа"
" |text необходимый устранить опасный шакал"
" |text бездомный собака жить территория детский сад спать труба кидаться ребенок воспитатель бояться выходить прогулка ребенок"
" |text улица ягодинский приютиться стая бродячий собака который агрессивно настроить человек страшно проходить мимо это дом периодически перемещаться сторона поперечно базарный утром слышный лаять кидаться прохожий просьба принять мера"
" |text случай стая собака кусать бросаться прохожий двор ребенок бегать играть бросаться домашний собака время выгул время прогулка ребенок"
" |text ежегодно соседний дом человек приучать бездомный собака мусорка тупо подъезд кормить проход давать собираться стая собака просить принять мера"
" |text усад район улица медицинский бродить огромный кавказский овчарка пожалуйста хватить давать отписка мочь указать номер дом ходить это животный оно перемещаться правило район улица медицинский"
" |text усад бегать стая бездомный собака особый представлять опасность забегать территория школа фото"
" |text улица множество бездомный собака который пугать человек бросаться ребенок прыгать лаять"
" |text утром страшно ходить мебельный район садик бегать стая собака"
" |text сегодня обнаружить еще стая бродячий собака район парк культура отдых имя морозов улица красноармейский уважаемый представитель исполком очень большой просьба решить проблема это парка заниматься физкультура ребенок близлежащий школа допустить беда"
" |text бездомный собака количество штука пугать пытаться укусить весь периметр боевой товарный двор лагерный бездомный собака"
" |text улица очень бездомный собака бегать стая лаять ребенок бояться ходить школа невозможно спокойно играть двор кругом собака принять пожалуйста мера"
" |text бояться зайти подъезд ребенок мочь выйти очень бродячий собака наш район"
" |text добрый день который сутки простор интернет гулять фотография бездомный собака огромный количество комментарий житель город собака злой бросаться человек ребенок бояться отпускать школа страшно взрослый принять мера отчистка"
" |text бездомный собака бродить представлять угроза жизнь здоровье прохожий ряд детский сад"
" |text весь улица хлебозаводский бегать бездомный собака страшно ребенок отпускать улица"
" |text бегать стая собака около шт агресивный облаивать прохожий окружить давать пройти весь огромный"
" |text чистопольский район село красный ярый улица пришкольный бегать бродячий собака ребенок взрослый бояться ходить улица декабрь месяц большой собака давать проход бояться наш ребенок просить принять мера устранение бродячий бездомный собака"
" |text ноябрь год подать заявка собака бросаться человек ул год победа год поступить ответ собака отловить действительность собака отловить свободно ходить улица бросаться человек обратить пожалуйста внимание собака агрессивный"
" |text дом ул даурский далее район снт любитель жить стая девять бездомный собака постоянно лаять человек страшно ходить магазин пятерочка"
" |text стая собака продолжать бродить пос царицыно сегодня число стая бродячий собака гол заметить участок жилой дом номер ул ая владимирский стая нападать домашний животное затем уходить р нокса ранний заявка решить необходимый продолжить отлов"
" |text стая собака около дом культура"
" |text стая собака жить здание баня двор школа"
" |text шакал кидаться человек особо опасный необходимый устранить"
" |text постоянно ходить большой бездомный собака пересечение улица чишмале менделеев просить принять мера"
" |text свора собака бегать детский площадка также нападать человек агрессивность необходимый устранить"
" |text возвращаться вечером домой атаковать стая дворовый собака собака укусить нога оставить дырка брюки стая бегать район дом улица гвардейский здание б улица отрадный"
" |text поселок голубой озеро кадышевый бегать бездомный собака количество расти пешком невозможно пройти мимо животное вести агрессивно животное забегать территория садик кадышевый"
" |text стая собака бегать улица бросаться взрослый ребенок собака бросаться сын сын мочь дойти школа домой однократно звонить мерия бугульма мочь футболить весь бросать трубка выслушать мочь решить проблема"
" |text просить отловить стая бездомный собака"
" |text уважаемый администрация улица мирный возле дом постоянно собираться бездомный собака улица страшно выходить нападать принять пожалуйста мера"
" |text возле школа проблема стая бродячий собака"
" |text бездомный животный жить мкр урсало напротив дом ул полевой далее собака агрессивный неоднократно нападать человек день загрызть кошка жилец дом который прикормить собака замечание реагировать маленькая ребенок выйти улица прогуляться опасный"
" |text добрый вечер решиться вопрос собака бегать стая остановка бмз ул ленин ул крылов"
" |text добрый вечер решиться вопрос собака бегать стая остановка бмз"
" |text писать написать еще весь гулять собака"
" |text замучить собака ночью утром днем работа видеть собираться стая лаять выть носиться драться ночью невозможно спать просыпаться бояться ребенок школа страшно идти известно ум стая лайк боксер принять мера пожалуйста"
" |text добрый день наш двор завестись огромный собака который бегать весь двор стая страшно выть ребенок бояться выпускать двор помочь пожалуйста возможно пригреться наш двор забросить двухэтажка который находиться наш двор"
" |text покусать бездомный собака просьба орган заниматься проблема принять мера сложиться история смочь забрать сын садик муж взять административный отгул неоплачиваемый лечиться бешенство"
" |text стая собака вчера начало рабочий"
" |text территория детский сад постоянно гулять бездомный собака несколько нападать человек последний случай несколько минута назад свора собака напасть женщина ребенок напасть почему ничто предпринимать"
" |text жк ул ютазинский бродить стая бездомный собака очень небезопасно житель просить принять мера"
" |text поселок появиться большой количество бездомный собака щенок который начинать нападать житель фото собака находиться ул благодатный возле дом нужный срочный мера решение проблема"
" |text год наш улица яблоневый младший дочь кусать бездом собака делать укол бешенство зашивать рана старший дочь покусать стая собака р магазин сосновка выезд ул яблоневый ул машиностроитель просить срочно принять мера"
" |text улица поселок огромный стая собака везде камера житель фиксировать стая шт нападать человек"
" |text поселок мирный весь поселок полно бездомный бродячий собака принять мера"
" |text основной место дом поле ночью скопление мусорный площадка просить отлов пока нибыть житель пострадать"
" |text помочь пожалуйста решить проблема свора бродячий собака который обосноваться двор квартирный дом ул академик королева чаща обитать подъезд также часто заметить территория гимназия человек бояться выйти дом помочь"
" |text улица тухватуллин заводский продолжать разгуливать бездомный животное"
" |text прошлый выезд отловить собака большой молодец еще собака бегать двор"
" |text весь ночь окно лаять бездомный собака днем встречаться стая бездомный собака"
" |text собака который бегать улица наш город кусать наш ребенок сегодня утром февраль большой рыжий черный цвет собака укусить ребенок это произойти около сад колосок это повторяться год участковый вызывать обещать обратиться санпин"
" |text район нефтеавтоматика бегать стая бездомный собака возле дом воровской подьезд собака напугать лай ребенок неделя торопиться работа наброситься обращаться неоднократно отдел жкх доб регистрировать заявка это весь"
" |text улица алмачуар знатный бегать стая огромный бездомный собака улица ребенок просто бояться отпускать ребенок гулять страшно вечером возвращаться домой большой просьба разобраться пока случиться беда"
" |text ряд жилой дом обитать стая бродячий собака штука последний день собака нападать весь проходить мимо вариант обойти это единственный путь автобусный остановка лаять окружать давать пройти пытаться укусить бояться ребенок"
" |text вблизи дом улица чистопольский обнаружить стая бездомный псовый предположительно жить заброженна стройка соседство просьба решить вопрос"
" |text немедленно принять мера бродячий собака штука нападать человек"
" |text нужный отлов весь улица рынок универсам бегать собака"
" |text улица жемчужный бегать свора бездомный собака расположить вблизи карьер вследствие житель улица мочь спокойно передвигаться улица собака ведт агрессивно"
" |text свалка обитать размножаться бродячий собака потомство весь это ряд школа который ежедневно мимо ходить ребенок необходимый убрать избежание непоправимый инцидент"
" |text ул клубный здание дом открытый ворота выбежать стая агрессивный лающий собака еле успеть избежать укус требовать увезти спецприемник бездомный собака дать собака представлять опасность человек"
" |text территория дом адрес азат аббасов дом парк гулять стая собака опасный ребенок выходить гулять ряд детский площадка ребенок бегать играть разобраться пожалуйста"
" |text агрессивный собака заполонить двор сбиться стая растаскивать мусор весь двор постоянный лай отвратительный запах подъезд дом улица боев"
" |text бездомный собака старое горка возле дом далее двинский двинский собака"
" |text каждый утро территория детский сад бегать бродячий собака рыжий очень злой воспитатель бояться выводить ребенок прогулка"
" |text конечный остановка автобус ферма обитать крупный стая бродячий собака большой штука регулярно прибегать детский площадка дом жк соловьиный роща просьба поместить собака приют"
" |text двор дом ежедневно бегать стая бездомный собака детский площадка территория садик"
" |text пос мирный улица балканский ясный бездомный собака невозможно ходить лаять кусать сапог мама ребенок ходить школа очень переживать бояться принять мера пожалуйста"
" |text двор дом даурский даурский бездомный собака около особый нападать ребенок взрослый сегодить напугать ребенок ребенок половина день разговаривать срочно принять мера"
" |text угол дом агрызский находиться бездомный собака"
" |text поселок новый сосновка разгуливать стая бездомный собака который угрожать спокойствие безопасность житель"
" |text часто около мусорка дом горьковский шоссе горьковский шоссе гулять собака очень злой также мочь двор гулять также стадо обычно приходить горьковский шоссе павильон туда вниз завод данофлекс очень страшно пешком ходить собака многа"
" |text стая собака терроризировать житель поселок малое клык участок погрызть кура друг утка просить срочно отловить усыпить опасный животное назад возвращать"
" |text бездомный собака бродить возле муссорка дорога школа сколько кидаться ребенок благо ряд взрослый обращаться администрация говорят деньга выделять делать"
" |text принять мера кидаться человек очень жалоба"
" |text возле это дом обитать рыжий собака видно детский плащадка торец дом жить хозяйский собака цепь забор рыжий возле это дом бросаться мимо пройти стороной обходить бежать лаять рычать вчера бросаться просить принять мера"
" |text двор бродить стая собака штука очень агрессивный нападать люля еле отбить бабушка сегодня ряд садик школа бояться отводить ребенок учебный заведение принять мера пожалуйста плата писать приехать найти спасибо"
" |text напасть собака ранее собака расцарапать машина сосед собака жить гаражный комплекс дом восстание сосед случай обращаться сюда место выехать собака обнаружить абсурд течение день бегать"
" |text ряд сбербанк зона самообслуживание постоянно ходить ночевать собака просьба отловить жалоба клиент"
" |text убедительный просьба решить проблема бродячий собака штука большой маленькая обитать возле огромный междворовый мусорка голодный злой гоняться ребенок прыгать человек невозможно страх вынести мусор"
" |text дом страшно выйти ходить ребенок улица гулять бездомный песпризорный собака создавать угроза житель поселок пешком дом добраться просить принять мера"
" |text возле депо стая агрессивный собака"
" |text бездомный щенок жить возле медресе центр скоро вырасти стать огромный собака который опасный общество полюбоваться собака загрызть кошка ряд идти девочка"
" |text улица яснополянский переулок пешеходный дорога ходить агрессивный собака лаять прохожий кидаться машина"
" |text улица кулахметов сторона улица лазарев пришлый стая бездомный собака голодный агрессивный район горьковский шоссе давно бегать стая бросаться человек"
" |text договор отлов бродячий собака заключить организация самара бродячий собака сбиваться куча десять особый бегать аксубаев бегать сей пора"
" |text перекресток переть химик ул сирин бегать свора бездомный собака небольшой горка играть ребенок"
" |text стая собака мусорка"
" |text очень бродячий собака просить принять мера ряд школа ребенок бояться идти школа"
" |text проживать пос званк пестречинский р проблема бродить бездомный собака мало агрессивный обитать основное возле мусорный ящик который расположенный возле дорога мера приниматься"
" |text год нурлат бегать собака дочь год ходить город е школа аграрный техникум находиться кабинет муза школа неоднократно приставать собака который получить испуг прохожий помогать крыльцо шк постоянно кидаться"
" |text возле подъезд бегать стая бездомный собака пока еще щенок становиться агрессивный"
" |text срочно необходимый отлов бродячий собака агрессивный бросаться человек порядок шт мочь большой"
" |text двор дом декабрист декабрист юго западный около далее сад прижиться стая агрессивный собака нападать родитель детка идти далее сад просить принять срочный мера"
" |text улица орловский возле дом улица земляков возле дом проживать стая бродячий собака ребенок бояться идти школа домой собака лаять кидаться прохожий"
" |text просить произвести отлов бездомный собака который собираться свора двор дом ул заря насчитываться штука страшно ребенок выпускать двор вечером страшно взрослый ситуация усложняться каждый днем стая прибиваться новое особь"
" |text собака принадлежать производство улица родина родина привязь вести агрессивно нападать просить держать собака привязь помимо некоторый собака ошейник собираться бездомный стая очень часто нападать житель стать агрессивный"
" |text страшно выйти улица давать выйти улица бросаться страшно нужный отлов"
" |text огромный количество собака бегать территория улица ютазинский выборгский собака собираться стая очень агрессивный бегать мусорный контейнер новый дом страшно выходить улица особенно темный время сутки ночью невозможно спать постоянный лай вой"
" |text около органный зал бегать большой серо белый собака вокруг глаз черный круг пожалуйста оторвать подбегать человек страшно"
" |text перека ке ул березовый солнечный ходить стая больший агрессивный собака собака весь собака здоровый крупный решить пож сто проблема кидаться ребенок рыться мусорный бак разбрасывать мусор грязь бардак скоро весна собака еще агрессивный должный ходить"
" |text снт дружба возле главный вход бродить около собака бродить возле станция новатор вплоть мусорка возле дом дружба давать человек спокойно ходить снт дружба крукглогодичный проживать семья число пожилое мама новорожденный случай нападение"
" |text двор постоянно гулять взрослый бездомный пес собака начаться течка ситуация стать просто безвыходный ранний просто бегать двор стая агрессивно реагировать человек сегодня преследовать ребенок очень напугать"
" |text просить убрать улица бездомный собака дом выйти страшно сегодня облаять ребенок пришлый весь заплаканный испуганный столько жалоба сей пора мера принять обещание"
" |text ходить возможно возле уходить собираться стая собака"
" |text снова бездомный агрессивный собака добираться дом приходиться обход приличный расстояние"
" |text собака стать маленький агрессия большой настоятельно просить отловить собака пока случиться трагедия самоуправство"
" |text сегодня урок покусать сын одноклассник зима достать кожа сын ужасно испугаться принять пожалуйста мера"
" |text возле казаньшинторг здание градопластик бродить собака прыгать лаять человек бросаться машина"
" |text стая собака возле железный дорога"
" |text землянухин прилежащий двор бегать стая довольно крупный собака сын учиться ой школа путь школа стая окружить собака покусать портфель часто видеть стая бегать землянухин сторона пионерский парк дорога ребенок ходить"
" |text стать страшно самый ходить говорить ребенок около дом постоянно стая бездомный собака принять мера пока пострадать"
" |text год территория детский сад супруг напасть собака смочь самостоятельно отбиться куртка остаться след зуб слюна рыжий собака постоянно гулять территория это далее ребенок это мочь часто выходить улица мочь пострадать ребенок"
" |text возможно пройти остановка первомайский ул парин оренбургский тракт сторона ул депутатский выбегать злой собака пытаться укусить давать пройти последний время встреча происходить каждый просить принять мера"
" |text пересечение поперечно таловый агрызский улица ходить бродячий большой собака"
" |text стадо собака бегать наподавать весь человек ребенок прекратить это безумие"
" |text стая бездомный собака бегать стая собака двор улица строитель октябрьский"
" |text микрорайон бегать свора собака постоянно лаять рычать прохожий вести очень агрессивно страшно выпускать ребенок"
" |text результат последний выезд служба маленький собака стать загрузить вчерашний фото фото четыре собака щенок встретить детплощадка въезд жк мусорка вход дом просить снова выехать выезд связаться"
" |text двор продолжать бегать бездомный собака взрослый ребенок бояться ходить"
" |text бродить собака ребенок выходить страшно"
" |text собака площадь вести очень агрессивно необходимый срочно произвести отлов бездомный собака"
" |text улица обнорский обитать больший стая собака который очень агрессивно вести кидаться прохожий отлов животное ранее подать заявка производиться"
" |text дом ю фучик дубравный ежедневно происходить нападение бездомный собака человек ряд школа основный агрессия идти младший школьник сегодня девочка год сильный истерик собака повалить пытаться укусить взрослый успеть отогнать животный"
" |text двор бегать стая больший собака порядок ми штука точно обитать балкон справа подъезд прикармливать местный жительница бегать детский площадка ходить страшно вчера вечером штука собраться возле подъезд мочь выйти зайти домой"
" |text возле мусорка постоянно проживать стая бездомный собака пока молодая агрессивный это надолго"
" |text здравствовать территория школа бегать стая собака лаять прыгать школьник ребенок страх убегать обеспечить безопасность наш ребенок"
" |text большой свора возле детский сад свора течный сук поэтому кобель вести очень агрессивно необходимый срочный отлов помнить свора мобильный собака место сидеть"
" |text невозможно гулять маленький ребенок ходить стая собака собака наброситься женщина коляска отпугивать остальной мамочка фото сделать окно дом сделать собака нибыть"
" |text добрый день далее остановка ометьево холм возле пешеходный переход обитать бродить собака который нападать прохожий особенно ребенок против пристанище находиться гимназия ребенок жить плата аметьево ходить дорогой"
" |text просить организовать отлов собака февраль лукин возле свой подъезд мама укусить собака мама провести больница день февраль бояться выйти дом собака покусать человек обитать подъезд фото приложение"
" |text бродячий животное снова бегать позади дом вдоль й вольный просить принять мера ряд деть садик страшно водить ребенок"
" |text пожалуйста разобраться ситуация неделя назад собака покусать женщина ребенок мочь спокойно ходить школа"
" |text поселок озерный высокогорский район бегать очень бездомный собака ребенок нападать отделаться испуг куртка порвать порвать штаны синяк нога прохожий спасибо оттащить собака школа бояться ходить"
" |text балкон первое этаж жилой дом жить бездомный собака бросаться несколько идти тротуар фото видно житель дом намеренно создавать весь условие проживание бездомный собака кормить требовать отловить собака"
" |text дом недалеко женский консультация заметить собака ночью недалеко это место также бегать лаять огромный стая дикий собака фото видно собака страдать бешенство пытаться перегрызть друг друг горло ждать накинуться человек"
" |text двор дом бродячий собака кидаться человек"
" |text стая собака фото заметить соципотечный жк наверняка это стая терроризировать константиновка царицыно недавно передушить кура ул зирекло просить решить проблема опасный животный отловить усыпить"
" |text очень большой стая собака постоянно это место невозможно пройти собака выбегать дорога вести агрессивно"
" |text март год двор дом улица ак королева ребенок покусать рука нога черный бродячий собака двор гулять ребенок просьба решить проблема бродячий животное район дом медик"
" |text просить принять срочный мера дом поселиться большой стая собака вести агрессивно"
" |text двор дом садик дом бегать лаять бездомный собака бегать пара бездомный собака"
" |text бездомный собака занять детский площадка детский поликлиника бросаться прохожий собака виднеться признак заболевание бешенство глотать камень неправильный взгляд дергаться просить принять действие незамедлительно"
" |text двор садик собака напасть ребенок сильный повреждение порвать штаны собака маленький рост черный цвет"
" |text сель малое кабан бегать бездомный собака сегодня утром находиться около мусорный контейнер выезд поселок лаять бросаться прохожий фото видно собака загрызть собака ребенок дорога ходить школа помочь"
" |text двор дом ул октябрьский ряд мусорка бегать бездомный собака черный подбегать кусать"
" |text весь территория стройка бегать свора собака кидаться человек принять мера"
" |text парковка домой год улица даурский завестись собака пугать ребенок"
" |text стая собака постоянно собираться возле дом"
" |text заходить двор стая собака нападать домашний животное ребенок бояться ходить школа"
" |text стая собака шт давать пройти парка сторона дом лаять бросаться ребенок"
" |text территория производственный цех ул тополевый далее подкармливать бродячий собака численность расти возможно утром выйти подъезд кидаюся человек просить срочно принять мера год отстреливать бросить труп прямо двор"
" |text ряд дом приютиться бездомный собака взрослый щенок вид месячный вынудить временно подкармливать намерение содержимый дальнейший просить помочь сложиться ситуация"
" |text около мечеть авторемонт прикормить стая щенок вырасти бегать весь округа собака большой пугать ребенок мочь покусать принять мера фото двор улица красный химик около военкомат кызыл армейский"
" |text здравствовать год альметьевск мкрн урсало рынок строительный материал гулять стая бездомный бродячий собака очень страшно житель урсала выходить дом принять мера"
" |text несколько бездомный собака мочь создать опасность человек"
" |text сегодня ребенок возвращаться тренировка гимназия подойти черный собака понюхать это начало хватать нога укусить нога ребенок залезть нея забор сидеть пока пришлый получить шок испуг разорвать джинса синяк"
" |text большой стая бездомный собака район кирзавод собака гон очень агрессивный пока случиться несчастие просить принять срочный мера отлов бродячий собака"
" |text дождаться бездомный псиный бросаться человек выйти магазин брачный сезон начаться истребить животное"
" |text поселок левченко улица страшно выходить стая бездомный собака вчера сын искусать принять мера"
" |text пос круглый пол бегать бездомный собака случай укус ребенок собака местный администрация мера принимать хотеть ребенок прятаться бояться гулять принять мера пожайлуст"
" |text подъезд недалеко вход подвал часто бегать собака ночью недалеко это место бегать лаять огромный стая дикий собака фото запечатлеть собака"
" |text возле дом год нижнекамск пр мир тц якорь бегать бездомный собака постоянно весь бросаться наш двор укусить мальчик часто бегать детский площадка ребенок бояться гулять обращаться дом управление мера принять пожалуйста принять мера"
" |text очень долгий время решаться проблема агрессивный бездомный собака район чалл ярый жк берег ул портовый больший собака неоднократно подаваться заявка горкоммунхоз заявка март служба отлов ссылаться мочь поймать"
" |text территория дом улица заслоновый находиться сторожевой вагончик понятно охранять который постоянно лаить собака который мочь лаять просто любой время сутки особенно это заметно утро давать спокойно спать"
" |text добрый день вчера кадышевый ул татарстан мама укусить собака прийтись течение месяц делать прививка отлов бездомный собака осуществляться ребенок гулять"
" |text огромный стая собака писать комиссионно собака обнаружить каждый день видеть стая ведомство работать"
" |text территория жк красный яблоко лукин развестись бродячий собака создавать угроза ребенок мешать спать ночью разносить мусор территория просьба решить проблема"
" |text год альметьевск мкрн урсало ул беляев бродить стая бродячий собака каждый днем весь большой просить принять мера страшно ходить каждый день"
" |text азинский б б зур урам жк мчс забросить территория стая бездомный собака просьба произвести отлов"
" |text дом детскоца площадка ул советский обитать стая огромный собака весь ночь лаять ряд деть сад школьник идти школа страшно опасный ребенок дополнительный фото поздний выложить"
" |text возле подъезд дом проспект победа жить бездомный серый собака лаять человек невозможно вечером выйти погулять ребенок день вечером идти работа собака напасть просить принять мера пока покусать ребенок"
" |text вокруг дом амирхан бегать большой стая бродячий собака"
" |text просить отловить бездомный животное собака нападать"
" |text стая бездомный собака особый бегать бульвар боровецкий около дом забегать территория школа лаять утром очень ребенок идти школа бояться проходить мимо собака"
" |text вновь образоваться стая собака впечатление неотлавливать собака бродить поселок ночью жильцов подкрамливать сырой мясо время собака броситься прохожий знать вкус кровь улица становиться выходить весь опасный"
" |text стая численность штука щенок петься мусорка лвть прохожий"
" |text стая бродячий собака обоснововаличсить около территория кладбище ряд расположить мусорка просить принять мера"
" |text двор гафиатуллин далее ходить стая бродячий собака"
" |text сегодняшний день возле школа улица апастовский далее бродить бродячий собака корпус школа являться учебный заведение начальный класс избежание укус нападение дать животное ребенок просить произвести отлов"
" |text наброситься укусить крупный бездомный собака это единичный случай проходить это время женщина жаловаться укус собака"
" |text стая собака рыться мусор пугать местный житель"
" |text улица новатор около дом жить бездомный собака ходить около опасный обступать набрасываться пожалуйста избавить улица собака"
" |text заявка одичать собака решаться жить огромный стать посадка напротив дом б улица ново осиновский принять мера"
" |text возле недостроенный дом улица кирпичный обитать бездомный собака собака бросаться лай проезжий машина также пугать прохожий"
" |text стая бездомный собака укусить подруга ребенок везти больница"
" |text необходимый устранить шакал обеспечение безопасность пешеход также автомобиль"
" |text вокруг стадион казань арен постоянно бегать бездомный агрессивный собака особый далее перемещаться дом чистопольский близкий помойка вокруг казань арена заниматься бегом катаюиться велосипед ролик роллелыжа очень человек просить осуществить отлов"
" |text обращаться дать проблема пара месяц назад никакой реакция ничто сделать отписаться просто бегать собака бегать лаять прохожий ребенок весь бояться большой собака"
" |text стая собака перемещаться город страшно идти работа центр город это утро благо ряд здание налоговый инспекция зайти переждать поступить еще женщина получиться поступить день собака покусать мальчик около школа"
" |text бездомный собака строительный площадка домкор стройка расположить возле детский сад собака агрессивный пугать ребенок"
" |text жк салават купер улица виктор сажинов полно бродячий собака маленькая взрослый собака пожалуйста помочь отловить"
" |text собака гулять целый день наморник около дом ул шоссейный собака больной спать ом подьезда лестница около кв очень приятный запах грязный ходить туалет прямо подьезда кушать педоставлять опасность ребенок ого подъезд убирита пож"
" |text сегодня ребенок наброситься стая собака двор дом зорг ряд гимназия двор думать ходить ребенок ряд школа садик детский центр кружка бокс собака примерно просить отловить соботка округа"
" |text начать бегать бездомный собака напасть ребенок очень опасный страшно ходить вечером"
" |text бездомный собака сквер чишмяло рынок ломжинский"
" |text сегодня двор дом б улица халезов окружить свора крупный собака очень страшно прошлое год знакомый покусать очень хотеться оказаться ситуация"
" |text двор бегать еще большой собака преимущественно детский площадка страшно гулять кидаться ребенок"
" |text придомовый территория дом искра обитать агрессивный собака хозяин умереть дом забросить собака нападать человек проходить мимо улица"
" |text бездомный собака собираться стая который начать нападать облаивать особенно опасный вечерний время бегать вблизи детский площадка пугать ребенок"
" |text напротив дом ул фучик бегать агрессивный собака кидаться человек далекий считать стать нужно быстрый уносить оттуда нога пожалуйста принять мера ряд детский сад школа ребенок мама коляска вряд смочь имя противостоять"
" |text каждый ночь период утро сон жильцов прерываться громкий лай собака"
" |text обнаружить собака это ближний заявка ночью недалеко это место бегать лаять огромный стая дикий собака"
" |text обнаружить собака реальность большой ночью недалеко это место бегать лаять огромный стая дикий собака"
" |text ряд медицинский колледж сторона улица нариманов кидаться человек бездомный собака"
" |text территория наш поселок новое салмач бегать большой количество бездомный бродячий собака несколько случай проявление агрессия нападение житель март аналогичный заявка который решить закрыть просить принять соответствующий мера"
" |text добрый день обращаться ранее спасибо часть собака удаться поймать весь стать взрослый прежний кусать прохожий нападать ребенок школа гимназия также заходить двор собственник жилой индивидуальный дом гадить разносить мусор просить ва"
" |text рано утром бегать набережная казанка самый конец набережная около мост миллениум жить стая бездомный собака постоянно нападать велосипедист пожалуйста решить вопрос самый центр город турист гулять"
" |text ст юбилейный остановка автодорстрой орловский пол вестись строительство жилой дом бегать агрессивный собака кидаться человек проезжать транспорт просить решить проблема"
" |text просить отловить стая собака обитать район колхозный рынок вокзал"
" |text стая собака бегать округа покусать ребенок мужчина"
" |text двор бродить бездомный собака"
" |text просить отловить собака координата сотня метр детский площадка дом р гареев жить свора агрессивный бродячий собака свора считать площадка свой территория нападать гулять леса возле площадка человек мочь загрызть ребенок"
" |text бездомный собака бросаться человек весь сосед шок"
" |text возле детский площадка комсомольский площадь стая собака лаять бросаться ребенок велосипед проезжать мимо"
" |text бездомный собака рынок ломжинский"
" |text ряд детский сад стоить забросить здание который давно облюбовать бомж еще обитать бездомный собака который выбегать лаять прохожий выходной бегать крупный дворняга"
" |text пугать маленькая ребенок опасаться покусать"
" |text двор гулять ребенок опасный взрослый бояться просить истребить собака весь город полно"
" |text бездомный собака бегать площадь ленин кидаться прохожий мешать репетиция парад победа"
" |text стая бродячий собака достигать штука"
" |text территория возле дом тополевый находиться бездомный собака предыдущий заявка ответ отловить прилагать фото доказательство обратный"
" |text большой количество бездомный собака близкий го подъезд просьба решить проблема"
" |text собака нападать человек пройти дорога невозможно ребенок пугаться сосед говорят сколько написать толк бояться ребенок выходить улица пусть забрать пожалуйста"
" |text обитать бродячий собака мочь выбежать трасса метр создать аварийный обстановка просить ликвидировать появиться новый помета"
" |text район нефтеавтоматика полно бездомный собака бегать возле магазин пятерочка смак школа двор невозможно пройти улица сегодня собака бежать мальчик напугать водить ребенок школа сад писать собака обнаружить ночь слышный лай"
" |text бегать крупный бездомный собака пугать житель ребенок ночью лаять"
" |text собака бродить целое стая просить отловить"
" |text возле дом ул гагарин сторона подъезд сторона мусорка слишком большой скопление бездомный собака который пугать жильцов дом округа"
" |text проспект год тукать далее подъезд завестись очень бездомный кошка собака попытка выгнать подъезд безуспешный возвращаться обратно это подъезд стоить постоянный вонь мочить далее"
" |text бездомный бросить собака большой количество постоянно находиться двор салават купер сегодня вечером адрес виктор сажинов двор детский игровой площадка находиться собака это простой дворняжка бойцовый порода"
" |text развестись собака поселок утром возле дом сторона далее солнышко бегать стая бродячий собака проходить ребенок страшно мимо ходить обходить нужно отловить отправить приют пока поздно беда"
" |text напротив дом сайдашева труба отопление организовать санаторий собака постелить ковер поставить миска кормление собака отдыхать лежать довольный наесться греться солнышко это весь действо происходить возле садик"
" |text стая собака бросаться человек велоспедистовый ходить страшно сутки напролет стоить лай псарня становиться тепло невозможно открыть окно лай"
" |text улица лагереный далее дом жить бездомный щенок также ходить взрослый собака просить принять мера опасный ребенок выходить улица"
" |text улица зур урам бродячий собака просьба принять мера очень страшно ходить"
" |text бегать бездомный собака одиночка стая просить принять мера наш двор расположить школа ребенок"
" |text детский площадка бегать бездомный собака"
" |text снова стая агрессивный собака гол нападать взрослый говорить ребенок ребенок наш жк покусать просить сделать нормальный рейд отлов стая обитать район царицыно малое клык перемещение вдоль нокс садовый участок"
" |text весь ул железнодорожник обитать стая бездомный собака щенок количество гол нападать"
" |text детский площадка собака лаять ребенок принять мера организовать отлов"
" |text район стройка постоянно находиться около собака каждый ночь облаивать проезжать машина проходить мимо человек"
" |text суббота апрель стая собака наброситься мальчик весь это происходить район школа сторона улица гоголь момент идти коляска который находиться месячный ребенок идти старший сын школа собака наброситься свалить нога"
" |text собака детский площадка"
" |text бродячий животное поселиться кладбище просить принять мера"
" |text двор гулять бездомный собака ловить кошка детский площадка ужасно неприятный запах вообще ребенок страшно помочь пожалуйста избавиться проблема"
" |text просить изловить отстрелить дикий собака свой щенок частное подворье гражданин воровать убивать кура гусь создавать опасность жизнь маленькая ребенок"
" |text около дом лукин бездомный собака обливать прохожий защищать территория забегать территория детский сад видеть каждый день"
" |text бездомный собака подрасти щенок"
" |text кругом бездомный собака ребенок опасный отпускать улица"
" |text возле дом проспект победа проспект победа б бродить агрессивный стая бродячий собака количество шт большой опасность представлять ребенок игровой площадка близлежащий парка"
" |text необходимый проехать соседний улица собака сидеть место бездомный ода отловить остальной убегать либо попасться глаз"
" |text собака мешать спать пугать ребенок перекрывать выход двор таскать мусор помойка весь двор рвать мешок около взрослый щенок"
" |text около здание котельная гараж адрес адоратский б стая дикий собака нападать ребенок идти школа сегодня большой собака напасть дочь возвращаться урок домой мешок сменный обувь смгла отбиться лаять пытаться укусить ребенок"
" |text обращаться открытый казань толк стая собака щенок появляться скорость свет столько наш двор очень ребенок хотеться трагедия обернуться отлов бездомный собака происходить закрывать заявка собака маленький становиться"
" |text двор возле гимназия возле садик ходить стая бездомный собака лаят весь агрессивный гулять ребенок бояться ребенок взрослый данный момент собака детский песочница дом латышский стрелковый далее просить принять мера"
" |text стая бездомный собака гулять улица станционный далее ст высокий гора отпугивать ребенок очень опасный"
" |text очень бояться ребенок кидаться кусать правда хотеться ждать новый наподения"
" |text деревня бродить стая собака щенок взрослый кабель начаться дачный сезон ребенок играть опасный идти деревня луговой место обитание собака"
" |text возле аптека ост сафиуллин напротив дом номер ул фучик стая бродячий собака взрослый особь количество гол огрызаться прохожий просить принять мера"
" |text бездомный собака давать пройти"
" |text шакал особо опасный кидаться человек район дом улица академик лаврентьев дом необходимый устранить шакал очень агрессивный находиться основное около дом номер улица лаврентьев"
" |text вокруг дом обитать стая бездомный собака собака нападать проходить мимо человек подпускать житель мусорный контейнер просить решить проблема"
" |text страшно ходить улица ребенок ребенок бояться ходить школа сегодня ходить стая собака ночью лаять остановка предположительно стая жить строительный площадка дом срочно принять мера"
" |text бегать бездомный собака нападать ребенок двор дом территория детский сад жить детский площадка песочница"
" |text бездомный животное никуда делиться"
" |text бродячий собака бросаться ребенок случай укус"
" |text двор тельман сулейманов бегать бродячий собака стая кругом маленькая ребенок собака очень агрессивный кидаться человек просить принять мера"
" |text свора собака нападать ребенок взрослый"
" |text бездомный собака ежедневный опасный гостить район пересечение улица энгельс гафиатуллин красноармейский казанский опасный ходить улица гулять ребенок"
" |text бездомный собака штука лаять драться целое днями ночь"
" |text двор дом бегать лаять ребенок большой лохматый собака агрессивный ошейник намордник поводок принять пожалуйста мера пока никто укусить"
" |text детский площадка лежать собака погулять ребенок давать лаят"
" |text поселок сухой река ряд школа улица заречный приблудиться большой собака который ощениться кутенок просить принять мера"
" |text овчарка еще большой собака бегать двор буквально детский площадка"
" |text ул пилотский междду дом частное сектор женщина напасть большой стая бродячий собака результат женщина получить множественный укус обращение больница травмпункт собака очень агрессивный просить скорее произвести отлов собака"
" |text ул агрызский бегать большой бездомный собака"
" |text очень бездомный собака который бегать стая весь дербышка"
" |text июнь год район часы перекресток улица глебоуспенкий краснослободский собака количество штука наброситься молодой человек покусать простить принять срочный мера"
" |text сколько звонить писать принять мера собака бросаться человек двор ребенок собака спать детский песочница страшно выходить двор мочь наброиться приходить поселок дружба"
" |text собака вознесение ул иван кабушкина сгрызть около кошка месяц начать вгрызаться ребенок просить отловить собака"
" |text добрый день аметьево бегать стая бездомный собака возможно ходить набрасываться человек просить принять мера"
" |text просьба выловить маленькая щенок спать машина мешать спать население"
" |text устать просить отловить собака здоровый кобель устраивать кровавый бойня детский площадка ребенок визжать ужас бояться спуститься горка бояться отпускать ребенок гулять почему наш просьба игнорировать"
" |text пос салмач перекресток улица центральный овражный жить бездомный собака нападать человек число ребенок"
" |text снова появиться бродячий собака микрорайон просить провести рейд отлов обитать район царицыно малое клык"
" |text беспризорный собака задрать привязать около дом коза просьба прислать служба отлов беспризорный собака"
" |text улица возрождение проживать бездомный собака фото еще черный собака фото прикрепляться нападать ребенок велосипедист ребенок бояться выходить улица вечером взрослый страшно выходить глаз человек разорвать домашний кошка просить очистить улица собака"
" |text просить принять мера устранение скопление бездомный собака это участок который предостовлять большой опастность житель"
" |text наш улица бегать бездомный собакижить конец улица возле молочный кухня сегодня утро растерзать наш кот штука рыжий черный серый окрас запомнить жестоко расправиться домашний питомец принять мера"
" |text двор прикормиться собака большой черный искусать ребенок милиция заявление написать собака агресивный бешаный свидетель искусать сильно женщина дугий ребенок кусать принять мера ждать нибуть загрызть"
" |text бездомный собака районный лыжный база справа сторона здание ряд прокат велосипед собираться собака"
" |text собака гулять территория двор бросаться прохожий лаять ходить стая"
" |text добрый день сегодня напасть стая собака дать участок бешеный стая собака кидаться человек это случай просить помочь решить данный проблема пока жертва спасибо"
" |text поселок старое победиловый район снт залив роса собака сбиться стая около заметить штука средний размер бродить дог аллея поиск пища слово сказать наступить лето ребенок сад просить принять мера"
" |text перекресток ул татарстан ул гоголь постоянно появляться бездомный собака шт вести агрессивно ребенок который ехать велосипед самокат"
" |text район снт виктория алма гидростроитель находиться свора бродячий собака бегать снт загрызть несколько домашний кошка также пес дислоцироваться въезд производственный база жилища жби цемент ул шлюзовый"
" |text двор дом улица менделеев подъезд год ребенок год покусать собака дать собака каждый день сидеть возле это подъезд просить принять мера"
" |text стая бродячий собака примерно загнать разорвать кошка собака стая шт двор гулять ребенок время собачей свадьба собака становиться агрессивный отношение человек просить принять мера"
" |text просить провести проверка принять мера факт нападение дикий собака плата большой кабан примерно улица овражный восточный стая дикий собака напасть бродить собака овраг находиться пересечение улица овражный полевой"
" |text просить принять мера обитать зеленый зона остановка парковка"
" |text ул объездной возле база татвторчермет постоянно бегать свора собака собака крупный привязка кидаться пешеход велосепидистовый очень страшно проходить просить принять мера"
" |text просить отловить бездомный собака который находиться отметить выше адрес территория помойка вблизи жилой дом помойка кидаться прохожий громко лаять"
" |text около гск мотор стая бродячий собака вести неадекватно кидаться ребенок прохожий"
" |text спуск улица верхоянский улица вересаев стая бродячий собака также кидаться человек невозможно ходить"
" |text город смотреть выделить бюджет средство производиться отлов бродячий животное"
" |text сегодня год утро улица свобода большой собака около магазин нур укусить женщина происшествие сообщить еддс оно принять перенаправить ветеринарный клиника позвонить туда телефон сообщить отлов собака занимый"
" |text большой злой собака несколько год страшно ходить ребенок гулять очень опасный это район постоять бездомный собака принять мера отлов проить мост сторона сад железнодорожный узел"
" |text бездомный собака собираться возле мусорный контейнер"
" |text сообщать скопление бродить собака адрес петра алексеев далее создавать угроза жизнь здоровье человек число ребенок вести агрессивно нападать прохожий домашний животное указанный собака проходить обязательный вакцинация бешенство также соз"
" |text здравствовать заинск район бродячий собака бродить стая исполком город ждать искусать нужно быстрый отловить человек постоянно жаловаться толк ноль"
" |text беспокоить бродячий собака некоторый время весь спокойно пока соседка стать подкармливать бродячий собака окупировать придомовый территория подьезд сегодня ребенок смочь выйти улица подьезда стоялый свора собака плата"
" |text около додый пицца собака ребенок ходить"
" |text второе подъезд адрес ул клара цеткин бездомный кошка загадить весь подъезд требоваться отлов обитать чердак"
" |text возле остановка бегать несколько собака фото попасть ночью недалеко это место бегать лаять огромный стая дикий собака поместить весь собака приют"
" |text бродячий животное детский площадка просить принять мера"
" |text третье подьезда химик жить чело который подкармливать собака бездомный защищать территория невозможно пройти мимо ряд детский сад ребенок"
" |text жк южный парк долгий время бродить дать собака находиться непосредственный близость человек ребенок особенно ребенок любить играть четверг именно дать собака укусить нога также начинать лаять человек причина"
" |text добрый время сутки писать ранее заявка отписаться собака отловить бегать продолжать нападать прохожий группа жильцов ватсап пострадать еще прикладывать фото собака внимательный пожалуйста"
" |text большой количество бездомный собака ошейник который надеть ребенок писать сюда никак мочь весь собака поймать увезти приют собака постоянно лаять давать спать ночь днем давать пройти прохожий почтальон"
" |text комплекс бегать бродячий белый собака лаять человек коляска ребенок"
" |text угол дом ул фучик бегать свора собака бездомный страшно жить просить отловить весь"
" |text стая агрессивный собака бегать голубой район бросаться лай прохожий велосипедист"
" |text сегодня напасть собака"
" |text возле здание администрация бегать большой собака который естественно забегать двор агрессивный кидаться ребенок еще собрать возле свора"
" |text бездомный собака создавать опасность население бегать ребенок находиться район дом ул гафиятуллин просить отреагировать"
" |text двор улица зилантовский тансык бегать бездомный собака черный цвет который рост около метр очень страшно вчера стать лаять бросаться мальчик который просто ехать велосипед пожалуйста принять мера"
" |text родиться щенок бездомный собака около штука мать щенок бросаться прохожий ребенок мочь выйти погулять ряд школа детский сад принять нибыть мера сколько обращаться весь отписка отловить самый дело"
" |text дом сабан стая бродячий собака громкий давать кидаться человек ребенок бояться ряд проходить весь ночь очень громкий лай принять пожалуйста мера"
" |text агрессивный стая собака постоянно обитать ул ноксинский нападать прохожий просить отловить усыпить опасный животное"
" |text парковка тц франт заметить стая бродячий собака это собака охрана парковка собака просить отловить бродячий животное"
" |text огромный псиный разорвать кошка мочь человек напасть почему бродячий собака улица ряд садикия школа"
" |text бродяга жить давно наш улица страшно ходить пешком"
" |text двор дом б ул натан рахлина очень бездомный собака который угрожать жизнь здоровье гулять детский площадка число ребенок просить принять мера отлов бездомный собака"
" |text около рынок серый собака звездочка уха лаять прохожий кусать схватить нога толстой джинсы"
" |text ради бог помочь стая собака около начать нападать человек вечером выйти ребенок двор гулять жить двор дом ибрагимов напасть знакомый укусить пожалуйста избавить наш двор"
" |text это ужас неделя чт проснуться утром лай выглядывать окно огромный собака разорвать возле подъезд кошка сегодня июль проснуться лай собака самый собака разорвать маленький котенок заявка оставить департамент толк"
" |text добрый вечер последний надежда невозможно гулять двор ребенок двор детский площадка собака кидаться взрослый ребенок очень опасный гулять ребенок помочь пож"
" |text добрый вечер ленинский паркекоторый находиться улица горький год тетюши ходить стая собака период агрессивно реагировать человек просьба разобраться очень страшно ребенок"
" |text июль год очередной нападение бродячий собака рано утром район около подъезд дом улица искра пять бродячий собака наброситься домашний кот который гулять ребенок собака глаз житель двор ребенок год разодрать смерть кот"
" |text около магазин магнит постоянно обитать стая бродячий собака шт кормиться мусорный контейнер собака вести очень агрессивно просить отловить опасный животное заодно совместить рейд заявка номер возможно это часть стая"
" |text жить ул дуслара приходиться ходить ул боков переулок улица находиться бездомный который фото данный момент проходить лечение укус собака это время появиться новый приплод просить принять мера"
" |text около дом улица зилантовский поселиться большой черный собака рост около метр спать детский площадка носиться весь район лаять окружающий очень страшно скоро начаться учебный год ребенок ходить школа просить принять мера"
" |text бездомный собака щенок щенок агрессивный голодный воспитать собака нужно делать щенок крупный никто брать хотеть скоро зима щенок вырасти стать стая рвать пакет еда рука прохожий е"
" |text улица герцен коровский район гулять стая собака собака агресиный лаять человек невозможно пройти улица взрослый ребенок решить проблема"
" |text февраль год обращаться повод отлов бездомный собака маленький стать просить еще произвести отлов бездомный собака который собираться стая гараж адрес ул заря далее около строиться дом весь ночь стоить жуткий лай собака покой"
" |text территория поселок петровский большой количество бездомный собака просить принять мера избежание несчастный случай"
" |text двор бездомный пес больший размер отловить пожалуйста"
" |text неделя бегать стая собака очень аггресивный лаять кидаться человек"
" |text добрый день двор ул фатых амирхан далее обитать стая бездомный собака порядок особый собака весь крупный агрессивный днем мочь пробежать мимо вечером ночью непременно хотеть накинуться двор каждый день играть ребенок просить принять мера"
" |text проживать год елабуга улица окружный шоссе дом мыть дом проживать ребенок младший школьный возраст свой ребенок бояться выйти детский площадка постоянно бегать лежать драться бездомный собака принять мера"
" |text мжк бегать стая собака необходимый решить проблема"
" |text бродячий собака собираться стая вечером невозможно вернуться домой место обитание возле база весь ул гудованцев собака появиться щенок размножение контролировать перестать это закрывать глаз"
" |text жк голубой озеро улица курай около дом обитать стая бездомный собака"
" |text просить вывезти бездомный собака указанный местоположение"
" |text неоднократно подаваться заявка отлов отписка поймать собака факт бегать бегать ряд парк ребенок отловить пожалуйста"
" |text большой количество бродячий собака который сбиваться стая место обитание возле базар весь улица гудованцев собака появиться щенок неконтролируемый плодиться скоро стая несколько вовремя отреагировать"
" |text добрый день просить принять мера относительно собака обитать территория жби бриз жить круглый год снт смородинка дом соседний участок приходить собака жби возможно выйти дом ходить мимо жби лаять"
" |text стая бездомный собака облюбовать это место гк радар овраг бросаться человек свидетель облаивать женщина мужчина сегодня кинуться еле отбиться просить срочно принять мера пока случиться несчастие нибыть искусать загрызть насмерть"
" |text решить проблема ребенок бояться гулять"
" |text ежедневно утро вечер около дом короленко лаять собака невозможно уложить ребенок дом спать просить отреагировать"
" |text бетонный плита лежать мочь травмировать ребенок плита бесхозный просить убрать"
" |text вчера проходить возле деть сад прийтись бежать испуг свора собака около псовый идти заполонить весь дорога перебрасывать терзать котенок возле ворота деть сад ряд игровой площадка взрослый ребенок просто бежать оттуда ребенок напасть мера принять страшно"
" |text возможно отпустить ребенок двор"
" |text возле дом агрызский бродячий собака"
" |text возле остановка бездомный собака"
" |text остановка ул халитовый бездомный собака"
" |text дать двор водиться несколько агрессивный собака черный белый нападать человек ребенок лаять днем ночью просить принять мера отловить изолировать общество это угрожать жизнь здоровье человек"
" |text ряд детский садик буратино бегать стая бездомный собака необходимый отлов"
" |text год муж возвращаться ребенок х год прогулка собака начать бросаться именно ребенок который идти папа ручка это случай наш двор хоршо муж смочь отогнать собака испуг ребенок сильнейший опасность огромный никто решать проблема"
" |text появиться очень бездомный собака очень страшно ребенок который играть двор очень часто лаять прохожий бегать весь сразу думать накормить"
" |text добрый день отличный город нефтяной столица велодорожка зона отдых здорово вопрос безнадзорный животный решить мочь сей пора скоро сентябрь школа начать кусать детишки неужели это дорогой велодорожка решить пожалуйста вопрос спасибо"
" |text стая бездомный собака щенок около особый нападать ребенок пугать лай проходить"
" |text двор детский площадка ул оршанский жить большой собака шестью щенок кидаться лаять прохожий ребенок бояться выходить улица обращаться местный администрация результат пока никакой просить принять мера"
" |text двор далее ул марджани обитать бездомный собака сегодня днем наброситься идти продукт ребенок напугать"
" |text стая лающий собака сегодня число территория деть сад n карбышев вечер темно вход сторона гараж вход сторона больница лай ворота видеть собака душить бог отдать устранить опасный псиный смочь сфоткать испугаться еле уползти"
" |text куча бездомный псовый который кидаться прохожий дом адрес надеждинский бездомный собака стемнеть страшно мимо проходить убивать мелкий скот домашний кошка"
" |text ранее подавать жалоба бегать улица еще весь избавиться щас наглый двор заходить шт"
" |text добрый день сегодня год стая собака агрессивно напасть жительница поселок строитель спастись обращаться это повод настоящий угроза населить пункт просить принять мера хороший отлавливать собака заранее устранять тяжелый последствие"
" |text около дом жить собака кидаться ребенок день покусать мимо проходить ребенок пожалуйста принять мера"
" |text территория стадион энергетик наверное несколько год постоянно обитать стая крупный бездомный собака ввести достаточно агрессивно проводиться массовый мероприятие бывать очень ребенок мочь пора это сделать"
" |text территория снт казанка бегать стая бездомный собака"
" |text напротив пол поселиться стая бродячий собака около штука пропитание приходить наш дом ближний лазеть мусорка устраивать беспорядок рычать человек ребенок бояться выходить подъезд случай приходиться отбиваться"
" |text улица жуков вдоль забор предприятие теплосеть напротив лицей обосноваться стая собака подрастать щенок весь свора периодически нападать двигаться тротуар напротив объект ребенок скоро школа помочь"
" |text возле дом очень бездомный собака который приходить частное сектор шугать ребенок нападать человек просить принять мера"
" |text деревня бегать бездомный собака уничтожать домашний птица собака забор забираться двор дом минимум семья загрызаны кура утка гол кот случай собака пытаться накинуться хозяин дом бояться выходить улица"
" |text двор снова поселиться свора собака видимо вновь прислать зимовать половина год назад нападать пугать лаять давать спокойно жить житель окрестный дом помочь пожалуйста год помочь обращаться многий мочь жтота рпз весь поменяться смочь"
" |text двор дом ряд детский спортивный площадка постоянно разгуливать свора бездомный собака лаять ребенок взрослый мочь представлять угроза здоровье жизнь просить срочно принять мера"
" |text заявка решить собака бегать давать целое днями"
" |text бегать свора бездомный собака"
" |text убрать весь собака невозможео гулять ребенок опасный"
" |text стая собака весь лето бегать двор жк комсомольский детский площадка лаять ребенок лежать песочница близлежащий дом играть ребенок ходить стая скоро школа ребенок бояться выходить улица помочь пожалуйста"
" |text просить принять мера отноша стая больший собака примерно особый который регулярно находиться адрес общий двор дом ул восстание жилец опасаться свой ребенок заходить тереть ия деть площадка скоро холод собака стать агрессивень"
" |text стая семь собака бродить район магазин пятерочка остановка ул лермонтов элеваторный гора просить отловить"
" |text здравствовать мирный стая бездомный собака лаять машина человек собака около просить пристроить"
" |text жк залесный сити прибиться свора бездомный щенок бегать гадить детский площадка лаять коляска ребенок щенок клещ просить принять мера угроза здоровье ребенок"
" |text здравствовать наш двор проспект универсиада появиться бездомный собака ребенок бояться идти школа собака нападать ребенок помочь пожалуйста"
" |text двор дом дачный детский площадка жить собака каждый год становиться большой сегодняшний день около штука вчера лично загнать угол покусать сегодня ребенок пойти школа ситуация просить принять мера спасибо"
" |text двор дом пр ф амирхан сей пора бегать стая собака никакой мера отлов животное принять весь заявка народный контроль отписка пес нападать человек требовать разобраться бездомный собака произвести отлов"
" |text дом ул тинчурина парка тинчурина постоянно находиться крупный черный бездомный собака"
" |text просить принять мера отлов бездомный собака обосноваться территория школа интернат мимо пройти выскакивать защищать свой территория лай бросаться ребенок взрослый вечером мимо идти страшно собака поводок пара прихватить мимо ходить ребенок школа"
" |text стая собака бросаться человек ребенок бояться идти школа"
" |text стая бездомный собака нападать домашний скотина человек мкр урсало ул метр файзь далее"
" |text бездомный собака ходить мкр солнечный город лето вырасти щенок лаять прохожий опасный отпускать ребенок лаять ночь нарушать покоить"
" |text бродить стая бездомный собака штука"
" |text неоднократно обращаться повод отлов стая бездомный собака который раздирать местный кошка пугать ребенок идти школа проходить мимо самый сердце замирать крутиться возле дом ул тополевый тополевый"
" |text ряд офис бродить стая собака недавно стать большой периодически лаять человек давать пройти мимо напасть человек успеть спрятаться офис"
" |text бездомный собака загрызть коза огород прямо глаз ребенок огромный просьба весь сосед принять мера"
" |text территория жк арт сити темный время сутки неоднократно заметить стая бродячий собака"
" |text территория гск бегать стая собака"
" |text адрес гагарин район школа обитать собака агрессивно настроить ребенок просьба принять мера"
" |text здравствовать просить убрать собака налететь чудом остаться живой мальчик ряд спасти постоянно копаться мусорка сегодня объект"
" |text около школа n бегать стая бездомный собака менее собака принять мера ребенок бояться собака крупный ошейник"
" |text нападение бездомный собака ребенок собака лаять огрызаться хотеть наброситься ребенок счастие отпугнуть прохожий человек"
" |text бездомный кошка подъезд загадить весь подъезд подъезд нечего дышать требоваться отлов находиться лестничный клетка го этаж чердачный помещение"
" |text стая бездомный собака бросаться ребенок ребенок ходить школа младший учиться смена темнеть рано собака стая бегать около территория школа ряд школа стоять мусорный контейнер руководство школа бездействовать ребенок отказываться ходить школа страшно"
" |text бегать стая бродячий собака"
" |text дикий бездомный собака кидаться ребенок ребенок школа бояться ходить собака ходить стая собака"
" |text парка калейдоскоп возле гимназия часто встретить бездомный собака целовать свора сегодня наброситься укусить мама одноклассница дочь"
" |text дорога ул профессор камай школа гимназия бегать бездомный собака принять мера спасибо"
" |text территория утром бродить стая собака кидаться человек просить принять мера"
" |text поселок отар пересечение улица центральный озерный ходить стая собака колличество особый принять пожалуйста мера бояться отпускать ребенок улица"
" |text адрес залесный очень дворовый собака который часто набрасываться домашний животное достаточно часто плодиться просить забрать маленькая щенок который скоро подрасти бегать огромный стая местный псовый"
" |text территория жк легенда гулять бездомный собака собака очень активный лаять кидаться человек ряд идти строительство дом собака гулять стройка подкармливать строитель собака джолжный скоро ощениться просьба принять мера"
" |text сколько еще добиваться наш город решать вопрос бездомный собака несколько год звонить администрация дом циолковский ряд стоящий писать нк никакой толк собака заглядывать детский сад решить проблема"
" |text надоесть безразличие бездействие звонить неоднократно весь дом открытый казань вопрос отлов бездомный собака собака просто везде двор подъезд кидаться весь собака сегодня подъезд броситься ребенок ребенок находиться шок"
" |text просить решить вопрос бездомный животный жк салават купер животное количество шт гулять приставать человек растаскивать мусор контейнер мусор"
" |text невозможно довести ребенок садик кидаться свора бездомный собака"
" |text двор далее обитать стая бездомный собака пройти проехать собака выбегать проезжий часть кидаться колесо автомобиль лаять выть ночь просьба устранить данный проблема"
" |text просить проверить территория вокруг гараж ленский юго западный помойка весь ночь лаять огромный свора собака"
" |text собака поместить приют"
" |text кремлевский близкий университетский университетский бегать бродячий собака"
" |text напротив дом улица татарстан дом улица год камала год казань гулять целый стая бездомный собака просить принять мера обеспечение безопасность жильцов близлежащий дом число ребенок который очень собака минимум"
" |text появиться бездомный собака просить принять мера"
" |text добрый день наш двор целый свора бездомный собака невозможно ходить сразу начинать бежать твой сторона лаять кидаться ребенок вообще молчать собака находиться детский площадка ребенок бояться гулять кидаться ребенок принять мера"
" |text антисанитария грязь подьезда кошка вонять"
" |text добрый день просить принять мера очень бродячий собака возможно дойти работа автобусный остановка"
" |text долгий время бегать бездомный собака ребенок бояться ходить многочисленный жалоба ничто предприниматься просить выловить"
" |text отписать выловить собака письмо исх вчера встретить старое друг район магазин магнит бумажка ради бумажка работать начать поймать сразу отпустить"
" |text вчера год сын возвращаться школа позвонить слеза состояние шок сообщить горе поселок чалл ярый который расположить сторона комплекс куст выбежать собака вожак стая глубоко укусить сын бедро убедительно просить принять мера"
" |text вышеописанный проезд напротив дом б ул братский постоянно находиться черный взрослый собака который кидаться прохожий хозяин дом б собака подкармливать двор впускать решать вопрос собака отказываться просить принять мера"
" |text стая бездомный собака шт нападать человек частность спугнуть лишь водитель такси проезжать ряд ряд тц мег парк маленькая ребенок"
" |text двор гулять около взрослый собака щенок шт давать спокойно гулять ребенок подбегать песочница ребенок играть коляска начинать лаять ребенок мама прохожий весь ночь вой прекращаться"
" |text двор собака который безконтрольный плодиться несколько год периодически собираться стая собака щенок вырасти каждый день каждый ночь открытый окно слышный бесконечный лай бесконечный грызня собака проявлять агрессия"
" |text взрослый собака большой количество набрасываться человек принять мера"
" |text парка обитать стая собака периодически лаят прохожий сегодня напугать проходить школьник насчитать пять животное внутри парк выход ряд школа детский сад мамочка ребенок пенсионер пожалуйста принять мера фото далекий близкий побояться"
" |text парка обитать целый популяция бездомный собака связь реконструкция парк животное перебраться городской улица страшно ходить вечер голодный злой собираться стая лаять сновать поиск пища никто это вопрос заниматься это происходить год год"
" |text жить постоянно снт смородинка ходить маленькая ребенок деть сад пешком около жби бриз больший собака далее переходить жд путь находиться частное дом гаражный сектор ул кленовый хитон выскакивать постоянно стая собака который кидаться ребенок"
" |text интересно отвечать собака покусать ребенок неоднократный обращение житель наш дом"
" |text страшно гулять ребенок детский площадка ходить стая собака обитать основное территория реабилитационноно центр ул восстание"
" |text дом бегать стая бездомный собака"
" |text территория около малин бегать бросить собака поместить приют"
" |text дать территория периодически попадаться стая бездомный собака страшно ходить"
" |text улица вековой бродить стая бродячий собака страшно ходить мимо собака маленькая ребенок ходить школа оглядываться собака покусать просить избавить житель соседний улица собака"
" |text промежуток ул киров ул март ул горький ходить бродячий собака стая ряд находиться детский сад школа очень страшно ребенок который идти школа школа случай нападение ребенок обращение ровд действие предпринять"
" |text беспокоить бездомный собака стоянка находиться ряд дом чишмале ночью лаять выть днем бегать пугать ребенок просить принять мера это собака стоянка пусть сажать привязь"
" |text день стая перемещаться му му му комплекс ряд школа сад ребенок небезопасно"
" |text собака гулять ряд прямо детский площадка"
" |text убедительный просьба принять мера отлов дикий собака который обитать помойка дом улица советский около гол нападать человек случай нападение ребенок укус страшно ходить вечером ночью днем"
" |text начаться учебный год стать собака ходить школа подкармливать знать стоять крыльцо школа ребенок приходиться идти мимо территория школа отгородить пройти бездомный животный очень просто"
" |text территория мк р появиться стая собака размер большой среднее заметить количество особый место нахождение р гимназия поликлиника"
" |text поселок ометьево казань развестись бездомный безпризорный собака день напасть муж смочь отбиться сегодня собака напасть сын двор девятиэтажный дом адрес ул дачный далее укусить попасть портфель"
" |text невозможно выйти дом особенно темный время сутки собака агрессивный очень лежать детский площадка гулять ребенок негде"
" |text двор дом жить бездомный собака"
" |text район улица новатор огромный количество бездомный дикий собака жить лесополоса железный дорогой район река казанка делать набег территория улица поиск еда октябрь стая собака грызло убивать котенок дом страшно ходить улица"
" |text страшно ребенок лаять кидаться случай укус проверить территория дом юг зап помойка"
" |text улица бегать бездомный собака агрессивный кидаться человек ребенок бояться идти школа двор давать выйти просить принять мера пока нибыть покусать"
" |text очень бездомный собака район ул гафиятуллин ул королева садик солнышко созвездие собака лай подходить ребенок заходить территория детский сад бродить двор жилой дом"
" |text свора собака кидаться собака человек ряд дорога который ребенок вести деть сад школа"
" |text просить принять мера пока нибыть покусать"
" |text год полтора бездомный собака жить балкон дом вечно лаять днем ночью мало мешать спокойно спать ночь еще беременный е скоро агрессивно защищать щенок знать голова взбрести просить отловить"
" |text возле автотк буревестник стая бездомный собака нападать проходить человек пара неделя назад собака напасть двухлетний сын отогнать ребенок очень испугаться сегодня собака бегать напасть срочно принять мера"
" |text образоваться стая бездомный крупный собака лаять сутки напролет страшно выпускать ребенок детский площадка просить разобраться это пока произойти несчастие"
" |text житель микрорайон сталкиваться бродячий собака нападать человек буквально недавно напасть мальчик периодически страдать домашний собака глаз хозяин раздирать кошка смерть разодрать весь курья"
" |text улица советский далее двор жить бездомный собака жилец подъезд прикормить кидаться весь прохожий чужое приходиться встречать иначе покусать администрация местный жэу звонить результат ноль видимо нужно покусать ребенок"
" |text плата самосыровый бегать стая бездомный собака ул коваль мир"
" |text территория жк современник месяц назад появиться бездомный собака навязчивый поведение беспокоить житель"
" |text стоянка возле гимназия держать непривязанный собака гулять школьный территория укусить нога ребенок сказать рюкзак тащить спортивный площадка принять пожалуйста мера"
" |text пустырь около гараж вокруг дом помойка вокруг дом б бегать собака скулить лаять выть ночь"
" |text очень бездомный собака щенок выйти улица невозможно ходить стая"
" |text здравствовать просить решить проблема наш деть сад лето дестка беседка проживать собака почему сей пора реакция риск собака мочь покусать наш ребенок просить решить проблема это ребенок гулять"
" |text двор наш дом бегать огромный собака утро ребенок вести садик школа носиться наводить жуть просить решить данный вопрос"
" |text бегать стая собака гол улица чапаев"
" |text пересечение улица март тагиров разгуливать бездомный собака шт"
" |text день парка бегать бездомный собака стая около собака разный порода крупный просить принять мера отлов бездомный собака"
" |text сколько подавать заявка собака толпа утром днем ходить"
" |text очень собака развестись возможно выйти подъезд школа ребенок выйти мочь бояться решить пожалуйста проблема"
" |text микрорайон город альметьевск школа парк шамсинур вокруг несколько детский сад бегать свора собака количество очень страшно ребенок младший возраст класс учиться школа смена добираться школа самостоятельно просьба решить проблема"
" |text карбшева отрадный забросить сарай поселиться щенок шт"
" |text здравствовать решить проблема собака невозможно гулять коляска улица бояться выпускать улица ребенок возле дом дочка бояться ходить школа жить нижний мактам год каждый день видеть собака исчезать появляться еще большой спасибо"
" |text возле магазин калинка бездомный собака бегать дорога туда сюда создавать опасный ситуация дорога забегать калинка бегать магазин сегодня утром собака кидаться человек кусаться лаять"
" |text весь вознесенскомубегать бездомный собака частность улица профсоюзный заметить собака ошейник выйти улица страшно говорить ребенок пожилое человек ночь напролет слышный непрекращающийся лай просить отловить весь собака улица профсоюзный"
" |text метро авиастроительный соцгород отловить"
" |text жк современник примерно месяц назад появиться бездомный собака думать переместиться комплекс стройка соседство некоторый житель комплекс начать подкармливать собака ряд детский площадка страшно гулять ребенок"
" |text просить провести работа царицыно однодневный хотя недельный начаться нападение собака домашний питомец стая еще прошлое год вновь вернуться отловить опасный ночью выйти улица стая насчитываться собака маленький приходить завод сад"
" |text поселок щербаковый улица новый бегать бездомный собака который агрессивно лаять человек кидаться ребенок случай укус кататься ребенок велосипед также животное бегать детский площадка дорога просить принять мера"
" |text озеро харовома бегать собака фото попасть немного поздний собака переместиться перекресток вахитов яруллина начать кидаться сворачивать машина мочь находиться дом декабрист юг зап близлежащий помойка"
" |text ночь стая собака рабочий стройка ул родина б подкармливать просить принять мера"
" |text район улица бирюзовый колымский бродить стая собака фото"
" |text каждый день прогонять дом каждый собираться именно наш балкон ночь лаять спать давать просить решить проблема"
" |text дорога предприятие бегать свора собака гол огрызаться"
" |text бездомный собака постоянно забегать подъезд невозможно пройти квартира сразу лаять кидаться ребенок бояться улица выходить также бегать двор собака бросаться ребенок площадка"
" |text ул вениамин григорьев стая бродячий собака локация собака дом ул вениамин григорьев собака вести агресивный бросаться человек возможно пройти каждый дом жить ребенок возможно выйти погулять бояться шребенок школьник мочь спокойно ходить"
" |text пос карабаш возле поликлиника мама калимуллин р р прохожий наброситься укусить бездомный собака черный цвет вечером позвонить местный управление просьба отловить собака реакция сей пора собака гулять набрасываться весь"
" |text путь платформа станция высокий гора особенно утро человек идти электричка встречать стая бездомный собака последний время начать набрасываться человек кроме дать участок очень темно убедительно просить администрация решить данный вопрос"
" |text здравствовать начаться учебный год также ученик идти школа бездомный собака прибавиться улица еще маленькая барбосик огромный собака ребенок бояться подходить школа просить принять мера"
" |text территория садик школа ул жуков месяц бегать стая агрессивный собака последний неделя окружать ребенок собака агрессивный большой шт фото лишь часть звонок администрация город результат дать помочь"
" |text наш поселок очень бездомный собака кидаться ребенок взрослый ездить общественный транспорт многие школьник возвращаться домой пешком засада начинаться собака очень агрессивный бросаться человек машина"
" |text поселок радужный стая агрессивный бродячий псовый ноябрь случай нападение человек часто животное видеть около дом улица вазетдинов поселок ребенок который ходить школа пешком пес представлять опасность просить короткий срок решить проблема"
" |text очень развестись собака забросить дача улица лесна ночью спать возможно вой лай лай вой будить ребенок днем опасный выйти ребенок улица бояться набросяться ребенок вить ребенок понимать собака подходить особенно щенок"
" |text здравствовать улица ломжинский сторона дорога балкон поселиться бродячий собака практически каждый ночь стоить вой собака мешать спать недавно собака ощенятиться семь щенок просить приять мера"
" |text район гафиатуллин школа ходить бездомный собака около нападать ребенок который идти школа ночью лаят опасный ребенок гулять"
" |text подъезд жилой дом ул гаврилов далее бездомный кошка подъезд это образоваться антисанитарный условие просить разобраться найти дом приют животное"
" |text помочь пожалуйста решение вопрос собака бегать поселок голодный злой бездомный собака холодное время год особо агрессивный ребенок ходить домой мочь напасть случай укус"
" |text улица кулла далее пос плодопитомник бегать стая подроставать агресивный собака несколько жить подвал нежилой дом адрес ул кулла далее"
" |text ряд дом улица мурзина близлежащий территория бегать бездомный огромный собака количество никто кормить злой бросаться человек страшно выйти ребенок улица просить решить вопрос незамедлительно"
" |text большой количество собака проходить улица сокольский очень опасный получить укус собака заразиться бешенство фотография сделать днем окно дом"
" |text бегать проезжий часть бросаться машина"
" |text просить отловить наш улица бездомный собака собака бросаться прохожий особенно остро строить вопрос безопасность наш ребенок который ходить улица школа институт дать проблема однократно отправляться"
" |text бродячий собака везде облюбовать помойка принять мера"
" |text целое днями вокруг школа бегать агрессивный собака накидываться человек ребенок бояться идти школа проходить мимо каждый день садик ребенок взрослый страшно именно бегать возле тукать школа собачий парк некоторый выходить палка ребенок"
" |text просить принять мера срочно стая бездомный собака около школа кидаться человек ребенок случай укус ребенок бояться ходить школа школа приходиться встречать палка просить услышать наш жалоба"
" |text видеть ряд остановка искать еда собака увязаться женщина"
" |text просить отловить бродячий собака"
" |text просить срочно отловить собака бегать стая гол агрессивный собака большой очень"
" |text двор школа возле мусорный площадка бегать свора собака ребенок отсутствие еда собака мочь напасть страшно ребенок"
" |text просить принять мера срочно стая бездомный собака вокруг дом кидаться человек ребенок ребенок бояться ходить школа школа приходиться встречать палка"
" |text территория ограниченный улица вахитов ягодинский поперечно базарный баженов просто туча собака ощущение гнездо просить досконально проверить указанный выше территория"
" |text район улица казанский далее бегать стая бездомный собака лаять огрызаться прохожий среди который ребенок идти школа"
" |text агрессивный сабак бросаться человек"
" |text бродить около дом возле мусорный контейнер"
" |text днем двор дом адрес наиль юсупов дом стая собака дважды напасть отмахиваться пакет успеть добежать подъезд"
" |text точный координата дорога вести лодочный станция кама портал название улица лет стая бродячий собака"
" |text двор постоянно лаять собака ребенок страшно выйти подъезд"
" |text просить принять мера отлов бродячий собака находиться адрес гарифьнов детский садик однократно стая собака нападать ребенок взрослый случай укус"
" |text улица сайдашева дом село верхний мактам поселиться бродячий собака представлять угроза житель возможность отпустить ребенок прогулка просить принять мера отлов бездомный собака геолокация карта улица высвечивать адрес сайдашева"
" |text двор куча собака лаять сношаться постоянно противно смотреть страшно неизвестно голов ребенок гулять смотреть это еще накинуться дать бог весна обострение просить принять мера"
" |text гулять стать давать спать утро грызться кошка страшно ребенок"
" |text около школа адоратский постоянно пугать ребенок бездомный собака просить отреагировать"
" |text стая агрессивный собака около школа n квартал бросаться прохожий"
" |text стая собака гол гулять вишневка карантин бешенство магазин айк салмачахнуть"
" |text собака жить забросить стройка жить читаться заявка выполнить бегать днем двор детский площадка жить теплотрасса плита фото смотреть"
" |text стая бездомный собака шт жить бывший кульшариповский птицефабрика каждый день совершать набег деревня кульшариповый голодный агрессивный"
" |text детский площадка около дом вокруг садик ходить стая бродячий собака"
" |text наш сель столбище стая ходить бездомный собака страшно отпускать ребенок школа провожать возможность случай нападение школьник просить принять мера собака агрессивный"
" |text жить микрорайон бездомный собака собираться стая шт вести очень агрессивно страшно выходить улица ребенок ходить школа опасаться жизнь свой ребенок"
" |text стая собака кидаться человек обитать возле кирпичный дом снт любитель забор профнастил"
" |text территория ветеринарный академия ходить бездомный собака ходить человек известно ожидать ребенок вызывать страх просить поймать увезти"
" |text гулять ребенок площадка стая собака гулять вместе огрызаться лаят выходить подъезд утром страшно идти детский сад вечером собака идти пята"
" |text ноябрь появиться бездомный щенок отдать приют сучка остаться бегать возле нея кобель каждый день страшно ребенок отпускать гулять появиться бездомный щенок"
" |text возле дом улица мир ежедневно бегать стая собака точный адрес коваль мир возможно выйти ребенок улица"
" |text первое подъезд наш дом месяц жить бездомный собака подъезд проживать маленькая ребенок простить принять мера ро избавление собака"
" |text теплотрасса собираться бездомный собака оформиться стабильный стая особый довольно крупный размер мешать выгуливать домашний животное проявлять зооагрессия пугать ребенок просить принять мера"
" |text двор спокойно передвигаться стая собака минимум семь собака страшно ходить улица малолетний ребенок"
" |text просить осуществить вылов стая бездомный собака"
" |text район ул лебедев заметить стая бродячий собака район пляж камский мор наблюдать аналогичный картина большой бродячий пес риск нападение инфицирование бешенство нужный отлов"
" |text просить отловить бродячий собака"
" |text стая бездомный собака бродить улица королева окрестность"
" |text улица московский старый сарай бездомный собака"
" |text район дом бродить агрессивный стая собака количество менее особый просить принять мера пока россия происходетый несчастный случай срочно произвести отлов весь собака нападение серьезный травма население"
" |text огромный злой собака стая бегать бросаться ребенок принять мера конец конец весь нк полный заявка собака стаять большой отписываться выезжать обнаружить срочно просить отловить собака кусать ребенок"
" |text очень собака бегать район школа эластик лаять человек защищать самка ребенок бояться ходить школа приходиться провожать встречать принять мера"
" |text бегать большой стая собака собака остановка дркб дорога жилой дом оренбургский тракт оренбургский тракт б ходить ребенок школа школа некоторый страх плакать бояться идти взрослый решаться идти"
" |text снова расплодиться бродячий собака круглосуточно стоить лай"
" |text стая агрессивный собака блокировать вход помещение магазин лаять прохожий двор ребенок бояться выйти улица ряд школа срочно принять мера"
" |text стая собака адрес марджани давать жить спокойно жилец это дом ночью выть лаять пугать местный житель особенно ребенок день ребенок прибежать улица испугать собака знать собака надеяться нибыть трагедия дело дойти"
" |text солнечный город ст гариф ахунов бегать бездомный собака постоянно вместе постоянно путь детский сад стать страшно гулять двор водить ребенок деть сад охранница парковка подкармливать фраза водить поводок говорить это собака"
" |text наш подъезд ул королева уехать жилец оставить собака девочка сидеть день пить идти забрать пожалуйста"
" |text недавно двор появиться собака вроде сосед подкармливать хотеться принести щенок просить принять мера"
" |text дом жить стая бездомный собака лай ночь давать покой весь дом страшно ребенок огромный подкармливать неизвестный мужчина будка имя построить известно привить опасный порода собака огромный похожий алабай"
" |text улица галеев новатор гулять толпа собака посчитать шт фоткать срочно принять мера"
" |text поселок щербаковый достроить забросить дом улица новый бегать бездомный собака который агрессивно лаять человек кидаться ребенок случай укус кататься ребенок велосипед также животное бегать детский площадка дорога просить принять мера"
" |text улица ленинградский бегать бездомный собака который агрессивно лаять человек кидаться ребенок"
" |text александр курыновый сдаться дом жить человек ряд находиться детский школа территория бегать очень бездомный собака который кидаться человек особенно вечер прибегать собака соседский стройка напротив школа фото собака"
" |text поселок вознесение дом ул карлыгач боков переулок постоянный скопление бездомный собака агрессивно лаят прохожий пытаться укусить прикреплять фото просьба передать служба отлов это угрожать жизнь наш ребенок спасибо"
" |text просить решить вопрос многочисленный бездомный животный куюкаха адрес квартал"
" |text забросить дом улица москвин поселиться стая бездомный собака собака начать давать потомство ситуация происходить ежегодно необходимый провести необходимый мероприятие контроль численность бездомный собака отлов стерилизация далее"
" |text территория улица аделить кутуй школа далее бегать стая бездомный агрессивный собака кругом школа детский сад собака кидаться лаять человек помочь пожалуйста"
" |text стая собака ходить около наш жк сказочный лес пол район дркб штука больший собака темный время сутки рано утром нападать ребенок взрослый гулять питомец поводок многие житель звонить открытый казань результатный"
" |text собака изобразить фото напасть женщина несколько укусить нога справка травмпункт собака ошейник чип уха еще чипировать собака необходимый принять мера"
" |text улица волжский соседний улица бегать бездомный злой собака ребенок взрослый бояться ходить работник почта также бояться ходить наш улица случай кидаться человек принять мера пожалуйста"
" |text недавний пора район улица тимирязев лядова бродить целый стая собака количество около ми штука просьба отловить"
" |text наш двор свора бездомный собака кидаться человек страшно ребенок выпускать улица"
" |text крыльцо двор дом б сидеть огромный собака ук реагировать отправить звонить номер телефон удивленный разочарование ответить нечего мочь помочь выходной ребенок возможность выйти улица кидаться ребенок просить принять мера"
" |text двор дом завестись стая огромный бродячий собака бродить район лаять человек внушать страх свой ребенок местный житель"
" |text каждый день житель дом ряд сквер васильченко подверженный опасность вид стая собака который угрожать наш жизнь буквально вчера свидетельница крик женщина который ринуться стая знать случай нападение животное человек просить помочь"
" |text оо ук ямьль йорт принять пожалуйста мера устранение бездомный собака кошка подъезд ребенок подъезд страшно заходить собака ночью вообще спать невозможно постоянный собачий лай вой ждать пока собака покусать"
" |text снова создаться стая бродячий собака ребенок бояться ходить школа просить срочно принять мера"
" |text год появиться стая собака просить срочно принять мера ходить возможно"
" |text свора агрессивный собака нападать облаивать ребенок страшно пройти школа зайти"
" |text двор ул ак королева далее течение месяц бегать стая бездомный собака весь ошейник собака аргессивный вести отношение прохожий непосредственный близость находиться детский сад школа ребенок бояться ходить школа гулять двор"
" |text бездомный собака штука вести агрессивно наброситься просто проходить мимо бросаться человек двор мама коляска маленькая ребенок школьник толпа бегать жк рычать лаять"
" |text добрый день центральный рынок бегать целый свора бродячий собака бегать возле человек дать бог начать кидаться человек пожалуйста принять мера"
" |text лесной городок собака домный наверняка прививка ребенок улица отпускать страшно обращение ук проблема решиться"
" |text стая бездомный собака постоянно разгуливать жк страшно ходить весь прочее залезать мусорный бак раскидывать мусор поиск еда"
" |text улица васильченко азс мустанг бегать бродячий собака очень это ряд парк урицкий"
" |text посадка возле детский садик бродить агрессивный собака пугать ребенок идти садик гимназия собака заходить поселок вознесеньепо ул иван кабушкина страшно мочь напасть ребенок сегодня видеть крупный собака вчера собака"
" |text ночью днем бегать стая собака очень страшно ходить особенно ребенок собака пытаться запрыгнуть сын сын бояться выходить улица ночью постоянно лаять"
" |text наш улица постоянно бегать бездомный собака забегать двор невозможно выйти улица ребенок педиатр бояться приходить бездомный присоединяться собака нерадивый сосед который выпускать свой овчарка весь день разговор сосед приводить"
" |text улица подгорный адрес вятский овраг конец улица иметься мусорка огромный количество бездомный животное собака кошка ребенок мочь играть улица просто идти улица"
" |text дикий агрессивный собака рычать гавкать человек велосипед невозможно ездить необходимый отправить приют"
" |text путь работа район большой количество собака путь работа бывать стая собака собака заметить горьковский шоссе далее б сторона ул можайский"
" |text беспризорный собака ходить возле дом ул чапаев кидаться лаять прохожий лежать возле дверь подъезд фактически препятствовать вход дом некоторый человек удаваться зайти дом ложиться лестничный площадка дверь квартира принять пожалуйста мера"
" |text двор дом ул энергетик высокий гора бегать бродячий агрессивный собака бросаться житель особенность ребенок многие пожилое молодая мама ребенок бояться выходить улица просить принять мера"
" |text просить принять мера отлов собака поселок малое клык днем редко появляться зато ночью бегать стадо овца ходить стая собака перегрызть очень кошка бросаться машина жить собака овраг мост ряд школа напротив дом большой красный"
" |text специально отвести место это"
" |text детский площадка двор дом март герцен фахретдин обитать бродячий собака нападать ребенок прохожий проявлять агрессия друг друг ребенок страшно гулять площадка принять мера"
" |text писать нападение собака съездить посмотреть найти собака гулять возле мучорка гулять стая становиться весь большой"
" |text район утро пробегать стая собака свора накинуться укусить нога собака убежать неизвестный направление"
" |text комплекс гулять стая бездомный собака"
" |text стая собака лаять ходить улица маленькая ребенок заходить придомовый территория"
" |text жм кульсеитовый улица поэт каменев район дом жить шесть бездомный крупный собака который вести агрессивно"
" |text просить отловить стерилизовать бездомный собака зеленодольск улица вишневый поймать мочь рука приучить"
" |text огромный собака бегать детский площадка утро ночь лаять кидаться прохожий отговорка типо собака убегать видеть отловщик неуместный очень глупый хотеть найти писать вышестоячий орган прокуратура отловщик работать"
" |text бездомный собака единственный детский площадка"
" |text примерно час ночь наблюдать окно стая собака около штука облаять прохожий парень прохожий испугаться спокойно продолжать свой путь мочь стая наблюдаться ночь необходимый принять мера"
" |text год альметьевск район ртс ул дружба магазин пятерочка щенок месяц жить детский площадка нападать прохожий"
" |text здравствовать обращаться обращение выловить собака проблема уйти вчера возле территория гимназия увидеть стая собака минимум штука просить помочь пока это привести трагедия жительница дом напротив восстание"
" |text адрес отрадный близлежащий дом бегать бездомный собака укусить женщина сумка пугать ребенок просьба произвести отлов"
" |text нижний мактам ул заводский стая агрессивный собака нападать человек счастие порвать пальто прокушенный нога парень успеть перепрыгнуть забор детский сад мужчина забежать подъезд дом просить принять необходимый мера"
" |text собака чувствовать дом"
" |text бесхозный сарай расселить год назад муниципальный дом ул варшавский год обитать размножаться бездомный собака питаться отход площадка сбор тко периодически проявлять агрессия прохожий имя кажется угроза выводка щенок"
" |text несколько видеть наш район четыре бездомный собака сегодня утро громко лаять разорвать глаз кошка ходить работа скоро ребенок пойти школа страшно выходить улица просить принять мера"
" |text бездомный собака проявлять агрессия пытаться напасть начинать лаять сгегаться остальной"
" |text здоровый псовый сбиться организовать стая садик сандугач март зарядить нападение стая растерзать кошка бегать давно проявление агрессия замечать начать кошка закончиться тропинка находиться лицей осторожно ребенок"
" |text близкий вечер бездомный собака сбиваться стая штука бегать улица частное сектор лаять стая домашний питомец гоняться кошка страшный картина стая бездомный псовый сбиваться подобный стая"
" |text время прогулка собака прийтись помощь прохожий отбиваться нападение агрессивный бездомный собака укусить собака зацепить куртка собака жить парковка напротив средний школа терроризировать район"
" |text комплекс новое город около дом несколько день ходить бездомный собака маленькая порода лаять каждый прохожий просто ночью лаять давать спать карантин народ ходить мало весь равно редкий прохожий начинать лаять"
" |text собака лаять кидаться ребенок опасный выходить принять срочный мера"
" |text несколько бродячий собака появиться район ул тургенев регулярно орать число ночь риск нападение ребенок собака бояться"
" |text территория школа улица волгоградский двор дом волгоградский бегать свора бездомный собака фото попасть факт большой страшно дом выйти"
" |text ряд остановочный павильон обитать большой количество собака представлять угроза человек решение дать проблема просить принять мера отлов"
" |text год казань ул мирсый амир плата киндери лесопарковый зона район дом большой количество бродячий собака внутри леса проходить просека лежбище бездомный бродячий собака ощенесться просить принять мера изоляция невозможно выйти постоянный лай"
" |text возле дом часто ходить стаямма бездомный собака обращаться жалоба отписаться якобы выход местность бездомный животное обнаружить"
" |text собака бродить стая улица промышленный б страшно гулять ребенок"
" |text идти работа поздно сабак еще видеть стоновиться страшно"
" |text шт собака стая бегать около мусорка пугать человек весной еще агрессивный мочь страшно ходить магазин"
" |text собака разбухнуть соска поместить приют вместе щенок"
" |text возле дом ул год шоссе постоянно гулять стая собака часто увидеть возле площадка тко детский площадка дом вести агрессивно страшно ребенок необходимый организовать отлов бродячий собака"
" |text взрослый особый агрессивно настроить человек теплотрасса напротив подъезд год барудить проживать щенок кидаться человек невозможно пройти контейнер выбросить мусор просьба решить вопрос избежание несчастный случай"
" |text вокруг дом ул ю фучик бегать стая бездомный собака взрослый особь подрасти молодняк облаивать прохожий размещаться детский площадка гадить базироваться окно этаж сторона отделение полиция страшно выйти улица агрессивный животное"
" |text целый свора бездомный собака щенок невозможно пройти нападать"
" |text улица постоянно присутствовать бродячий собака жить забросить двор свалка мусор лаять бегать прохожий штука ребенок бояться улица выходить магазин ребенок страшно отправить мочь покусать"
" |text лежать обочина лаять выбегать бросаться проходить"
" |text часто лежать близ магазинчик указанный адрес бегать весь улица участок территория лежать железнодорожный техникум возможно бездомный собака который обосноваться ул залесный"
