" |text просить установить доп антен сеть дать населить пункт летать отсутствовать сеть пользоваться вашеметь сим карта"
" |text декабрь месяц начаться проблема мобильный связь мегафон связь стабильный речь обрываться"
" |text заселить дом сидеть мобильный связь практически отсутствовать сигнал появляться местами очень редко мобильный интернет также сидеть связь дом оператор йот"
" |text интернет летать весь время приходиться перезагружать ловить g е связь подорожать просить исправить положение"
" |text слабый сигнал скорость передача дать g мтс дать часть поселок находиться возвышенность ряд базовый станция весь находиться низина часть поселок просить решить вопрос установка дополнительный базовый станция вышка установить"
" |text сесть бут ул лягушовка мобильный связь мтс местами неустойчивый мобильный энтернуть вообще"
" |text деревня мамашир кукморский район перебой мобильный связь оператор летать ночью появляться интернет днем связь доступ интернет просить принять мера"
" |text улица дом плохо ловить интернет оператор летать адрес казань малый дорожный улица дом"
" |text ул ершовый район дом офис завод фитнес центр очень плохо ловить g затруднить доступ интернет происходить постоянный миграция g g мобильный устройство результат низкий вероятность успешный дозвон"
" |text отвратительный стать работать мегафон вечный обрыв интернет стать очень медленный"
" |text нормальный начать работать мобильный интернет летать mbps это скорость g сеть"
" |text деревня старое киязлой аксубаевский район покрытие g максимум edg"
" |text тц мег плохо ловить мобильный связь оператор тело часто связь работать мобильный интернет данный оператор"
" |text примерно октябрь год наблюдаться ухудшение связь сеть мтс это время помещение устойчивый сигнал lte помещение телефон чаща регистрироваться сеть edg g g сеть доступный улица"
" |text очень плохой связь тело весь поселок особенно конец улица зеленый район дом обещать оптимизировать базовый станция год сегодняшний день ничто измениться"
" |text неудовлетворительный мобильный связь весь член наш семья сотовый оператор мтс мобильный связь либо неустойчивый либо вовсе мобильный интернет приходиться мечтать помочь решить проблема мобильный связь мобильный интернет спасибо"
" |text очень работать работать интернет просто сеть мобильный оператор билайн казань начаться весь относительно давно просьба разобраться"
" |text осень плохой связь билайн постоянно обрываться разговор"
" |text последний время очень плохой качество интернет компания мтс именно это место"
" |text решить пожалуйста проблема сеть летать вообще"
" |text деревня екатериновка адрес улица советский дом очень плохо ловить связь билайн"
" |text плохой связь интернет скрин прилогаться"
" |text абсолютный отсутствие интернет билайн ул нефтяник далее"
" |text крайне низкий скорость lte"
" |text здравствовать принять пожалуйста заявка шинник плохо работать связь летать"
" |text попытка позвонить писать сеть зарегистрировать входящая звонок поступать интерента работать g переход принудительно g g звонок начинать поступать исходящая входящая"
" |text каждый точка дом ловить сотовый связь мтс"
" |text ул ленин далее очень плохой связь мтс интернет вообще"
" |text принять мера шинник вообще плохо работать сотовый связь tele"
" |text стабильный работа сотовый связь оператор билайн отсутствовать интернет"
" |text последний время ухудшиться работа интернет"
" |text дом связь мегафон цокольный этаж просить исправить ситуация"
" |text указанный адрес крайне плохо работать мобильный связь мтс часто мобильный телефон совершенно ловить сеть интернет работать очень редко очень плохо"
" |text здравствовать улица норма дом возможность пользоваться g интернет телефон ловить деление сеть открыть страница браузер мочь оператор летать"
" |text добрый день появление g мегафон начало пропадать сеть интернет верный сеть постоянно прыгать g g итог связь обрываться"
" |text дом буквально недавно сдаться адрес сажинов связь это момент сдача дом год наш дом очень плохой сигнал сотовый оператор антен порой просто пропадать приходиться выходить балкон улица"
" |text ужасный связь мтс новый район год победа дом некоторый комната вообще сеть мобильный интернет подавно принять пожалуйста мера"
" |text оператор yota ловить лебяжий жд переезд около километр каждый утро пробка это район сеть ловить"
" |text лаишевский район деревня пальцовка ул озерный далее практически отсутствовать связь причем разница внутри помещение улица интернет говорить нечего либо edg либо gprs скрин замер интернет прилагать"
" |text последний время сигнал интернет g оператор тело очень слабый либо отсутствовать"
" |text слабый сигнал связь оператор йот"
" |text интернет мтс смыловкий школьный сотовый связь мтс очень плохой"
" |text добрый день проблема связь мтс наблюдать неделя понижение качество связь мобильный интернет работать делать соответствующий замер неоднократно просить восстановить работоспособность"
" |text добрый день проблема мобильный связь мобильный интернет скорость низкий хватать проблема неделя присутствовать просить помочь"
" |text просить решить вопрос сотовый связь деревня ловить ловить очень слабо"
" |text дать место работать интернет телефон показывать e улучшить связь дать место пожалуйста"
" |text очень плохой связь мегафон интернет g сниться"
" |text заявить связь g работать просить решение вопрос"
" |text скоростной мобильный интернет таттелек летать g скорость очень низкий кб"
" |text скоростной мобильный интернет мтс g скорость очень низкий кб"
" |text приветствовать просить решить расширение мобильный сеть мтс голосовой связь также мобильный интернет ранее обращаться обещать модернизация сеть произвести контрольный срок установленный год перенести год просить решить проблема установленный срок"
" |text возле бси плохой связь оператор летать местами отсуствовать"
" |text карл маркс прокуратура плохой связь плохо ловить интернет g"
" |text плохой сигнал мобильный связь мегафон ловить g"
" |text уровень сигнал мобильный интернет оператор мегафон очень низкий е достигать уровень g lte родной деревня бизяк невозможно выложить фото селфи соцсеть"
" |text плохой качество связь летать g медленный интернет"
" |text военный городок плохой связь билайн телефон постоянно вне зона доступ мобильный интернет ловить особенно далее"
" |text принять пожалуйста мера сколько g lte оператор мегафон пгт камский поляна"
" |text уважаемый руководитель мобильный связь мегафон наш город азнакаево низкий скорость интернет g интернет стабильный сбоить просить решить проблема незамедлительно заранее спасибо верный принять решение"
" |text очень низкий сигнал мобильный связь таттелек скорость подключение интернет порой бывать мбитый нужно усилить сигнал"
" |text ужасно работать интернет сотовый связь мтс"
" |text добрый день оператор мтс специально перейти мтс это опера интернет ловить отлично месяц это сказать мочь ужасно принять мера пожалуйста"
" |text систематически пропадать связь g несколько часы доступный g"
" |text садовый зона вблизи глиссад зона посадка авиация практически отсутствовать связь тестироваться билайн интернет edg gprs g g отсутствовать усилить сигнал ближний вышка ставить новый запретить соображение авиационный безопасность"
" |text разговаривать невозможно сеть го го поколение мочь присниться сон двор эра цифровой технология хотя план покрытие провайдер указать стабильный прием вводить заблуждение телефон карта покрытие мтс"
" |text очень плохой связь сеть билайн ловить вообще поговорить телефон говорить g"
" |text ловить е полностью просьба повысить качество покрытие интернет"
" |text плохой соединение интернет тело"
" |text ловить интернет билайн"
" |text сотовый связь территория снт поляна оператор мегафон"
" |text ловить интернет загружаться страничка"
" |text студенец практически полностью отсутствовать связь мтс это километр иннополис центр передовой технология вопрос подниматься еще сей пора решить"
" |text магазин впрок плохой сигнал интернет билайн"
" |text территория новое завод каркас кабина даимлера камаз русый вообще отсутствовать мобильный связь интернет мобильный оператор летать таттелек карта устаревший дать"
" |text год улица межевой далее интернет работать основное е g крайне редко появляться"
" |text отсутствовать g интернет мегафон сбой работа интернет базовый станция мегафон далее шаланга"
" |text сель средний камыидти плохой некачественный связь невозможно разговаривать мобильный телефон крайний мера проблема связь мегафон"
" |text дать месность последний год ухудшиться сигнал сотовый связь скорость передача дать часто сигнал вообще пропадать"
" |text ухудшиться качество мобильный связь мегафон разговор связь периодически прерываться слышный собеседник скорость интернет заметно упасть дать местность мегафон являться единственный оператор доступ сеть интернет"
" |text очень плохой связь мтс интернет вообще идти речь просить наладить сотовый связь"
" |text плохой связь мтс интернет основное е"
" |text приезд населить пункт березовый грива очень плохой сотовый связь очень слабый сигнал интернет g просить принять мера улучшение сигнал это населить пункт оператор летать"
" |text являться абон ом моб й сеть летать исполый ия услуга качество моб го интер явл ся приемлемый скорость инт низкий интер стабильный частый отключ ми обращаться оператор сослаться погода география ранее моб ия интер приемлемый доступный возможно решение"
" |text приезд населить пункт березовый грива очень плохой сотовый связь очень слабый сигнал интернет g просить принять мера улучшение сигнал это населить пункт"
" |text сотовый связь оператор мтс практически работать"
" |text принять мера сколько кормить обман появиться сеть четыре поколение tele"
" |text отсутствовать мобильный интернет летать"
" |text интернет помещение ловить вообще плохой качество голосовой трафик"
" |text вечерний время сутки возникать большой сложность использование мобильный интернет возможность смартфон принимать lte связь выдавать максимум g весь деление антенна просить российский телекоммуникационный компания мтс усилить раздача сигнал"
" |text связь пропадать сеть g отсутствовать мобильный интернет ничто грузить звонок рваться срочный звонок экстренный служба"
" |text мтс передача сотовый дать затруднить сеть g lte ул студенческий"
" |text деревня брека связь тело доисторический время интернет хотя ряд крупный деревня шеланга кызыл байрак далее"
" |text связь мтс отсутствовать сеть g интернет"
" |text повторный заявка отсутствие связь соты оператор билайн деревня кзыл тау аксубаевский район ответ условие пожалуйста оставить связь мегафон ловить g"
" |text поверьте почему зависать интернет летать"
" |text возможно пользоваться мобильный интернет часность оператор мтс"
" |text прерываться разговор интернет связь доходить смс"
" |text интернет просто караул ловить связь верхний этаж"
" |text полностью отсутствовать связь число интернет"
" |text мтс мобильный интернет скорость мбитый принять мера"
" |text здание адрес шоссейный практический работать мобильный интернет сотовый оператор мегафон"
" |text слабый прием сигнал сотовый сеть йот просьба усилить сигнал g g также канал голосовой связь"
" |text месяц плохо работать связь оператор мегафон приволжский район город казань интернет практически нигде год год edg загрузить видео слушать музыка невозможно звонок телефон совершаться"
" |text сотовый интернет летать очень плохо работать утром днем вечером работать месяц назад претензия перезвонить день сказать весь порядок ответ оператор ничто измениться"
" |text сеть билайн отсутствовать доступ интернет либо скорость очень низкий постоянный обрыв потеря пакет дать просить увеличить зона покрытие"
" |text некачественный мобильный связь интернет билайн"
" |text очень плохой качество связь мегафон интернет g вообще ужасный мбитый дотягивать"
" |text отсутствовать сотовой связь мтс"
" |text отсутствовать сотовой связь мегафон"
" |text жить век житель местность сей пора знать инстагра ютуба сотовый оператор мтс ловить очень плохо практически ловить дозвониться нужно подниматься наверх горе приличный количество время метр просимпринятьмер"
" |text отсутствовать сеть g lte мтс"
" |text дом проспект мир очень плохой качество предоставлять услуга мобильный связь оператор мтс возможность элементарный вызвать экстренный служба приходиться выходить улица просить решить данный вопрос улучшение качество связь"
" |text очень плохой качество связь билайн особенно дом приходиться перезванивать несколько мобильный интернет работать подняться высокий нибыть"
" |text ранее билайн ловить перестать ловить весь поселение сидеть билайн"
" |text стабильный мобильный связь интернет билайн"
" |text ужасный качество интранет вообще назвать скорость входящая исходящая это просто дно"
" |text отсутствовать мобильный интернет билайн качество связь оставлять желать хороший часто покрытие сеть"
" |text течение месяц плохой сотовый связь мобильный интернет работать билайн"
" |text ранний пользоваться билайн офис интерента очень хороший последний несколько месяц ничто мочь загрузить телефон проблема товарищ работа билайн тупить интернет именно центр офис каюм насырь сделайтечто"
" |text стабильный мобильный связь интернет билайн"
" |text стабильный связь интернет мтс"
" |text ловить подоконник дальний стена окно"
" |text плохой связь мтс пропадать сигнал"
" |text слабый сигнал сотовый передача дать мтс поселок кульсеитовый платить хороший связь"
" |text мобильный связь вообще мтс"
" |text периодический отсутствие телефонный связь сеть также плохой качество интернет edg оператор сотовый связь мтс"
" |text необходимый связь интернет g мтс"
" |text несоответствие стандарт оказание услуга область голосовой связь мобильный интернет оператор связь тело"
" |text низкий скорость мобильный интернет мегафон"
" |text здравствовать несколько год мучиться сотовый связь связь забивать телефон показывать связь телефон доступ сеть пробовать телефон поменять пожалуйста помочь решить проблема сотовый связь тело"
" |text давно пользоваться весь семья мобильный связь таттелеком летать последний время доступ интернет ухудшиться скорость доступ соответствовать заявить скорость скорость доступ технология g ниже мбитый"
" |text территория село интернет мобильный связь оператор мтс"
" |text доступный интернет сотовый оператор таттелек летать"
" |text медленный интернет пропадание связь"
" |text связь ужасный пропадать интернет вообще грузиться тело"
" |text перекресток чуйков фатых амирхан пропадать интернет связь мегафон"
" |text низкий качество связь билайн интернет работать очень слабый сигнал"
" |text плохой сигнал сотовый связь оператор тело сигнал g отсутствовать"
" |text мобильный сеть летать наш деревня работать очень холм перекрывать сигнал станция нетерпение ждать улучшение связь"
" |text сильно ухудшиться качество связь очень низкий скорость интернет мегафон"
" |text дать адрес весь член семья проблема мобильный связь постоянно прерываться разговор мочь дозвониться неоднократно обращаться оператор сотовый связь билайн сбой мобильный связь мера приниматься платить услуга связь ничто делать"
" |text каждый час пропадать сигнал год минута ттк летать мобильный интернет интернет работать смена устройство перестановка сим карта менять ситуация"
" |text очень плохой интернет билайн просить исправить"
" |text очень плохой интернет тело просить исправить"
" |text далее новое карамаленький ул садовый муслюмовский р сотовый сеть летать таттелек вообще отсутствовать человек иметь рука телефон мочь общаться время гордиться высокий достижение татарстан отсутствие элементарный возможность допустимый"
" |text очень слабый интернет мегафон нужно исправить"
" |text начало февраль заработать мобильный связь оператор летать центр деревня возможность совершить звонок подключиться мобильный интернет g улица киров сигнал доходить просить принять мера устранить проблема короткий срок"
" |text очень слабый интернет мегафон просить исправить"
" |text очень плохой интернет билайн просить исправить"
" |text очень слабый интернет билайн просить исправить"
" |text улица новый очень плохо ловить сотовый связь очень сложно просто поговорить говорить интернет g g хотя карта зона покрытие beelin пос шильнебаш полностью покрыть сигнал g"
" |text очень слабый интернет мегафон"
" |text сель шильнебаш тукаевский р республика татарстан отсутствовать связь lte оператор тело"
" |text дом метр этаж возможно комфортно пользоваться связь интернет gsm удовлетворять условие оператор летать таттелек"
" |text практически отсутствовать мобильный интернет летать однократно подавать заявка претензия именно год каждый получать ответ запланированный это время цена услуга оператор подняться р р месяц качество ухудшаться каждый днем"
" |text далее калинино тукаевский район мелекесский сп плохо ловить связь билайн судить карта покрытие сеть должный уверенный g связь дело платить бегать участок искать точка сигнал мочь дозвониться собираться сменить оператор"
" |text очень плохой связь оператор yota дать место"
" |text плохо ловить мтс пропадать сеть"
" |text очень плохой качество связь мегафон связываться поддержка говорят проводиться ремонт ремонт длиться месяц"
" |text территория наш плата кренний вообще отсутствовать связь интернет мобильный оператор таттелек летать невозможно позванить"
" |text связь срываться звонок абонент писать сеть сбой интернет плохо работать стабильно исправить сбоить давно идти официальный салон мегафон заходить ответ азнакаево вышка хватать поэтому плохой связь интернет далее"
" |text вобщий ловить связь летать g просить решить проблема"
" |text дом работать мобильный интернет мобильный связь оператор мтс связь моб интернет мегафон тело работать нормальный просьба оператор мтс установить доп передавать антенна улучшение качество связь"
" |text отсутствовать интернет неустойчивый связь тело верхнеуслонский район плата пустой моркваша снт агростра весь прошлый год вестись переговоры связь"
" |text плохой сотовый связь сотовый оператор билайн мобильный связь интернет"
" |text плохой качество интернет мтс позволять читать новость весь остальной скорость сделать затруднительно сайт открываться очень долго поиграть онлайн игра стоить трата нерв просить довести скорость интернет пинга комфортный уровень"
" |text ужас отсутствие мобильный сигнал связь сложиться обстановка необходимый находиться карантин позвонить заплатить обучиться возможность просить принять радикальный мера улучшение мобильный сигнал"
" |text деревня мамалаево сабинский район ловить мобильный связь летать это мочь общаться телефони пользоваться интернет"
" |text наш населить пункт плохой мобильный связь оператор мегафон"
" |text плохой качество мобильный интернет летать g"
" |text саба район югар симета авылын летать вышкас урнаштырылда литр кина б наш симета авылый ерак урнашмас летать элемт се тотмый ярд метр ит егезна сорыйбызть"
" |text далее аккуль бигеня сабинский муниципальный район республика татарстан переодическа пропадать сотовый связь летать выход интернет автоматически появляться е показывать сеть просить разобриться"
" |text деревня мешабаш сабинский муниципальный район республика татарстан отсутствовать сотовый связь возможно позвонить телефон самый дешевый оператор сотовый связь район считаться летать связь это просить помочь решить данный проблема"
" |text деревня средний нырот сабинский район периодически пропадать сотовый связь летать выход интернет автоматически появляться е показывать сеть просить разобраться"
" |text мтс связь настоящий ситуация очень болезненный вопрос"
" |text сель кзыл меш сабинский район рт плохо ловить связь мобильный компания летать плохо работать связь интернет связь дешевизна пользоваться связь просить решить проблема"
" |text деревня куюк сабинский район плохо работать мобильный связь летать пользоваться связь интернет компания летать интернет плохо работать просить решить проблема"
" |text саба район югар шытс авылында таттелекомный летать оператор эшл ми арзан кулай оператор шул булганлыктан безг далее летать аркылый аралаш метр мкинлег тудырылс ида"
" |text связь интернет экстренный ситуация скорый полиция вызвать отвратительный работать сотовый связь мегафон улица помещение постоянно пропадать связь нужно улучшить сигнал виктор поляков"
" |text далее средний челны отсутствовать зона покрытие интернет g g оператор мтс телефон показывать сигнал невозможно совершить звонок"
" |text просить решить проблема низкий качество связь мобильный связь таттелек летать осень прошлое год снижаться скорость g интернет особенно плохо стать понимать период самоизиоляция весь интрнуть это супер мбитый лте"
" |text просить разобраться качество услуга предоставлять компания мтс скорость мобильный интернет соответствовать заявить деньга связь снимать регулярно оператор мтс оставить множество заявка проблема решаться несколько месяц"
" |text последний время связь летать пропадать edg район мурадьян g телефон скорость никакой маленький мбитый это g lte решить проблема качество связь"
" |text мучиться сотовый интернет летать нижнекамск химик снизиться качество голос город деревня отлично ловить связь мучение маленький мбитый g школа ваш абонент просить решить проблема качество мобильный связь летать"
" |text последний время заметить снижение скорость интернет g летать скорость ухудшиться связь lte переключаться edg недавно переехать нижнекамск село весь претензия адрес чабьинский просить решить проблема мобильный связь летать"
" |text скорость мобильный интернет летать сбег мтс билайн гимназия скорость вообще адрес чулман мбитый деревня прекрасный интернет оператор просить решить проблема качество скорость летать"
" |text мтс прерываться телефонный разговор каждый минута возможно разговаривать особенно вынудить работать телефон"
" |text днем мобильный интернет мтс пропадать каждый пятнадцать минута очень тяжело работать интернет пожалуйста стабилизировать связь"
" |text наблюдать ухудшение скорость g lte интернет летать адрес гагарин ранний мбитый ночью еле дотягивать просить решить проблема качество мобильный связь летать"
" |text просить решить проблема низка скорость мобильный интернет летать б афанасовый ул красный город проводной интернет"
" |text мтс плохо ловить связь интернет работать давно"
" |text очень медленный интернет мтс lte вообще работать"
" |text дорога казань аэропорт интернет тело просто никакой ловить слово бермудский треугольник пропадать сеть телефон значок интернет е наш"
