" |text микрорайон замелекесье филиал почта россия просить открыть почтовый отделение магазин школа садик почта"
" |text усад почта единственный вокруг понастроить крупный жк поток увеличиваться большинство человек работать почта работать еще перерыв крайне неудобно пересмотреть сделать работа почта"
" |text жк светлый зарегистрировать чело количество человек территория жк закрывать отделение почта заставлять ехать человек богородский это ближний свет многий просить рассмотреть данный обращение открыть полноценный отделение почта территория жк"
" |text очень хотеться обратить внимание отсутствие почтовый отделение усадьба царев ближний отделение почта очень трудно добираться очень семья маленький ребенок доставка вещий почта больший подспорье получать вещий почта это выход"
" |text человек ограниченный возможность невозможно попасть отделение почта номер адрес просьба установить пандус кнопка вызов"
" |text лужа вход почтовый отделение устранить"
" |text очень удобно почта дать адрес аппарат оплата банкомат приходиться идти ближний отделение сбербанк снимать деньга идти обратно"
" |text лето прошлое год приносить счет фактура коммунальный услуга газ электричество вод приходиться ездить ресурсоснабжающий организация выяснять свой начисление почему почта доставлять квитанция житель"
" |text восстановить эффективный система удобно нея"
" |text необходимый установить парковка велосипед некуда ставить велосипед почта"
" |text сель отсутствовать почтальон квитанция оплата некого разносить"
" |text письмо верховный суд который ждать бросить почтовый ящик совершенно адрес совершенно дом спасибо человек позвонить смочь получить позвонить документ суд это филькин грамота безобразие просить разобраться"
" |text это отделение работать электронный очередь довольно давно аппарат выдача талон просто отключить розетка собираться огромный очередь который итог многие путаться терять свой бесценный время"
" |text просьба открыть отделение почта территория салават купер"
" |text почему отделение просить заполнить анкета получение заказной письмо отделение отказ заполнение отказывать выдача письмо"
" |text февраль почтовый отделение уволиться почтальон пора никто носить корреспонденция жк лесна городок приходиться ездить отделение спрашивать сотрудник почта наличие посылка письмо далее лично выстоять очередь"
" |text почтовый отделение адрес х окно прием идти постоянно очередь человек мочь простоять мина нужно увеличить количество окно прием обязательно установить терминал электронный очередь это сделать отделение почта рф"
" |text помещение почтовый отделение адрес находиться ужасный состояние краска потолок облупиться отклеиваться обои необходимый капремонт помещение это сделать отделение почта россия"
" |text сотрудник почтовый отделение бросать трубка выслушивать клиент хамский отношение клиент вопрос хотеть отвечать уважительно"
" |text почтальон квитанция письмо некого разносить"
" |text извещение доставлять посылка апрель утерять получение посылка навязывать допуслуга требовать тело эл подпись хотя клиент иметь право получить посылка ранний извещение случай взлом база эл подпись мошенник мочь незаконно оформлять микрозаем кредит"
" |text государственный услуга доставка корреспонденция оказываться отделение бак урманча казань доставляться счет уведомление суд полный бардак сотрудник искать это отписка подмен текущий работать"
" |text пандус вход почта"
" |text считаемиться частью город жить центр мкр урсало ул возрождение получать почтовый корреспонденция просить работник почта доходить приносить письмо газета далее"
" |text страшно опасный ходить нету небольшой сумма ремонт лестница"
" |text почтовый отделение вбогородский работать имя вздуматься последний посещение официальный рабочий график вывесить дверь самовольно график безрезультатный весь возможный графика стандарт нарушать систематически почтальон объяснять низка зп"
" |text часть шигаль образовать год обслуживаться почта который относиться старый часть поселок ул советский пр почта разноситься новый часть ул жасминный ежевичный добрый слово почтальон доплачивать просьба нормализация связь"
" |text государственный услуга доставка корреспонденция оказываться отд бак урманча казань доставляться счет уведомление суд полный бардак сотрудник искать это отписка подмен текущий работать предписание прокуратура оставить почта внимание"
" |text почтовый отделение хватать почтальон житель приходиться ходить почта периодика квитанция"
" |text далее бурметьево большой х неделя разносить газета журнал приносить пенсия причина это отсутствие почтальон старый уволиться новое почему брать человек большинство пожилое возраст вынудить идти сельсовет свой заслужить пенсия решить вопрос"
" |text просить выяснить причина сотрудник ответственный доставка квартплата халатно бросать квитанция подъезд адрес квартплата адрес серов лежать подъезд блюхер"
" |text отделение богородский доставлять корреспонденция адрес далее куюк ул звездный доставлять почта кп новое салмач начальник отделение считать это вино почтальон данный поселок должный относиться отделение"
" |text полгода перестать получать любой почтовый отправление извещение адрес новое шигалеево тукать вопрос сложиться ситуация почтовый работник изъясняться очень некомпетентный высказывать свой недовольство просить разобраться"
" |text говорят отделение пост центр притяжение скорее отражение хотеть авторизоваться номер телефон паспорт носить сказать программа подвисать обратиться следующий требовать наладить электронный техника отделение"
" |text это жк нужный почта"
" |text почтовый отделение работать являться очень удобный работник приезжать это время соответственно успевать почта весь город работать мочь возможно почта работать хотя"
" |text сегодня прийти наш почта оплатить налог оказываться время цифровизация весь наш почта брать оплата банковский карта имя нужный наличный деньга позор"
" |text уведомление письмо оставить доска объявление подъезд дом метр гафурить почему почтовый ящик"
" |text й месяц январь февраль доставлять газета республика татарстан который получать подписка месяц сразу неделя сегодня февраль получить номер газета январь февраль газета выписывать ради бумага новость"
" |text отделение почта работать термирало электронный очередь"
" |text ямашева невозможно отправить письмо ящик закрытый немой отверстие письмо необходимый установить новый ящик стена дом"
" |text отделение почта замелекесье ближний отделение находиться поселок зябнуть"
" |text особенно период эпидемиологический обстановка человек мочь толкаться очередь"
