" |text кдк самый присутственный место холл туалет везде зеркало мочь дорогой хотя судить сделать ремонт вроде"
" |text буква наклеить стекло время советский союз позор"
" |text сегодня год дк год заинск прошлый мероприятие квн рабочий молодежь премьера разделиться гарбероба муж маленькая ребенок прийтись выйти уйти домой дожидаться окончание отказаться выдать верхний одежда гардероб сослаться распоряжение адмить"
" |text год назад открыть новый клуб разваливаться течь кровля проседать фундамент трещина стен"
" |text вместо метр написать наш метр хореография б лм литр ре хореография б лм литр р кечий зал кечий зала перевести слово информация этаж этаж подвал"
" |text грязный подтечь стен театр камала"
" |text здание дк находиться забросить состояние окно разбитый дверь сломать"
" |text адрес набережная челны й комплекс офис этаж находиться библиотека ребенок взрослый отказать выдать читательский билет сослаться проживать друг комплекс начало год территория республика татарстан начаться вн"
" |text пожилое сотрудница цирк протяжение весь программа стоять нога понятно стоя мочь контролировать вход зрительный зал возможность присесть предлагать прикрепить стенка проход откидной сидение который сужать ширина проход"
" |text протяжение год посещять весь концерт органный зал афиша билет указанный возрастной категория почему каждый вечерний концерт присутствовать ребенок год который мешать мягко говорить слушатель"
" |text система вентиляция работать усиленный режим дуть весь сторона комфортный температура речь идти здоровый кашлять убедительный просьба решить вопрос"
" |text прошлый год момент ремонт дом культура зимой выдержать снег крыша частично обрушиться центр город человек отдыхать ребенок бегать картина это безопасно прошлый половина год администрация шевелиться исправлять просьба исправить"
" |text концертный зал потолок стоять разбитый стекло некоторый место вообще нету стекло весь таки ходить человек культурный мероприятие опасный житель"
" |text работать фасадный подсветка дк ленин сторона остановка общественный транспорт необходимый отремонтировать"
" |text майданский сельский дом культура работать свой график закрывать сдк ранний время молодежь условие желательно узнать реальный график работа"
" |text дк гассара пускать бахилы хотеть забрать ребенок кружка пустить требовать бахилы сменный обувь принести случай оставлять уличный обувь гардероб работать оставаться покупать бахилы аппарат который установленный вход"
