" |text оочень скользкий ступенька дк шинник ступень черный шлифовать мрамор легко подскользнуться отбить пять точка нужно выстелить нибыть ковер"
" |text требовать паспорт качество залог конек"
" |text завершение программа пятилетка здоровье отменить бесплатный посещение беговой манеж воскресение просить пересмотреть данный решение зимний весенний период тренировка улица затруднить погодный условие"
" |text год прийти массовый катание развернуть домой дать ответ часы проводиться подкатка хоккей массовый начаться часы потерять время расписание изменить просьба разобраться ответственный это вопрос"
" |text спортивный комплекс лидер адрес ул вишневский далее работать беговой дорожка год"
" |text манеж центральный стадион ташаяк протекать крыша весь ручьем литься трибуна разливаться беговой дорожка условие заниматься ребенок спортсмен говорить проходить соревнование приезжать спортсмен город видеть ужас"
" |text машина посетитель ск пропускать парковка вход ск утверждать парковка автомобиль работник ск полупустой парковка посетитель ребенок вынудить оставлять автомобиль предназначить стоянка место"
" |text проводиться спортивный мероприятие верхний одежда родитель принимать гардероб формулировка ребенок"
" |text последний время очень грязный бассейн стенка бассейн видный плесень вод грязный половина грязный бассейн фильтр плохо работать"
" |text администрация елабужский ледовый дворец вразрез учебный план решить разморозить лед ребенок заниматься секция хоккей фигурный катание месяц оставаться ледовый тренировка весь впереди еще турнир который возможность подготовиться"
" |text мау сшоры ярый чалл который построить теннисный корт программа газпром ребенок ребенок допускать корт руководство школа решить сдавать аренда считать выгодный"
" |text введение строить ледовый дворец плата юдино жилец х подъезд далее ул илья го й этаж страдать ужасный шум компрессор это дворец просто невозможно открыть окно огромный просьба весь жильцов установить специальный звукоизолирующий покрытие"
" |text матч сезон ужас грязный пыльный сидение соизволить подготовить стул невозможно сидеть стыд срам организатор южный сектор"
" |text отсутствовать сетка баскетбольный кольцо открытый спортивный площадка ск олимп"
" |text работать вентиляция туалет муп центральный стадион время футбольный матч происходить задымление туалет курящий необходимый отремонтировать вентиляция"
" |text скосить трава вдоль трасса лыжный база"
" |text требоваться восстановить покрытие возле здание лыжный база"
" |text август утро открыться запись ребенок бассейн человек занимать очередь го число вести список ночевать днем около человек завтра давка огромный толпа народ который очень хотеть ребенок послать бассейн бассейн"
" |text директор центр патриот позволять житель поселок пользоваться спортзал центр закрывать доступ хоккейный корт зимой возможность заниматься спорт спортсмен весь детство свободно входить пользоваться спортзал принять мера пожалуйста"
" |text нескошенный трава территория база муниципальный унитарный предприятие фк рубин необходимый скосить трава"
" |text ржавый опора линия электропередача расположить территория база муп фк рубин необходимый восстановить лакокрасочный покрытие опора"
" |text ржавый забор весь периметр база муп фк рубин необходимый восстановить лакокрасочный покрытие ограждение база футбольный клуб рубин"
" |text рушиться потолочь течь крыша"
" |text включать освещение стадион работа хотеться побегать позаниматься спорт вокруг темно почему включать освещение человек вечер мочь бегать"
" |text сын посещать отделение самбо мбу сш зилант кукморский район сш ежегодно протекать кровля здание занятие проводиться зал ремонт сделать день открытие данный объект избежание несчастный случай просить срочно принять мера спасибо"
" |text ск триумф отсутствовать вести парковка это противоречить суть спортивность комплекс охрана сказать цеплять велосипед перила это серьезно макдональдс пятерочка велопарковка возле спортивный комплекс просить принять должное мера"
