" |text месяц электроэнергия березовый грива спк шинник садовый массив электроэнергия отключить предупреждение поздний повесить объявление ограничение подача эл энергия год электроэнергия весь период сей пора просить разобраться"
" |text согласно правило устройство электроустановка пуэ населить местность габарит провод воздушный линия напряжение земля составлять расстояние менее метр дать случай расстояние маленький"
" |text снт территория снт весна плохой дорога невозможно передвигаться авто пешком планироваться асфальт территория снт весна"
" |text отремонтировать дорога садовый товарищество ордиушко"
" |text хотеться сделать круглый год свет садовый общество горняк устать скидоваться ждать обещание это чистить алей"
" |text плохой дорога садовый общество горняк окаха ряд пос абудаби хотеться сделать дорога хотя щебенка освальтный очень кочка биться ходовой часть автомобиль"
" |text это место постоянно образоваться стихийный свалка мусор сделать оградить участок поставить контейнер конец конец просто убирать мусор стоить кома оставить мешок мусор это служить сигнал"
" |text снт колосок улица участок электричество год обращаться председатель каждый год никакой действие исправно оплачивать участок целевой сбор просить проверить установить столб провод дом"
" |text сделать пожалуйста дорога возможно ездить"
" |text ужасный дорожный покрытие огромный ям подъездный путь снт бодрость"
" |text обустроить щебеночный дорога программа безопасный качественный дорога просить продление асфальтовый дорога развилка дорога наука база артист точка отметить карта категория технически позволить продлить автобус"
" |text автомобилист город каждый день неоднократно ездить дорога который пришлый негодность это участок дорога образоваться огромный выбоина размер выходить рамка гост объехать весь выбоина возможность просить принять мера"
" |text который год делать ремонт дорога сторона огород ездить невозможно ям ям держатель огород каждый год оплачивать взнос платить ремонт дорога сообщество отвечать ничто сделать мочь машина понятно ремонт платить год год"
