" |text квартал село актаныш показывать цифровой телевидение зависать"
" |text прием телесигнал пос вознесение год казань происходить перебой искажение картинка принять улучшение прием телесигнал"
" |text частное дом ноябрь год купить ресивер dvb rombica cinema v существующий внешний телевизионный антенна заводский исполнение мв дмв марка помнить ресивер подключить тюльпан panason tx fj ртрс качество сигнал уровень"
" |text постоянно виснуть ничто показывать год намного хороший"
" |text соседний поселок новый сосновка компания уфанета кгс получить технический условие оао сетевой компания использование столб электроснабжение подключать цифровой телевидение просить предоставить информация компания который обязаться подключить наш поселок"
" |text общий домовый антенна ужасный состояние телевизор поддерживать формат цифровой тв канал показывать"
" |text дом ул дубравный иметься общедомовый коллективный антен мочь антенна принимать цифровой сигнал требоваться иной"
" |text добрый день подключиться цифровой тв почему немой отсутствовать канал нтв эфир смотреть весь семья передача перехват телеканал эфир просто цифровой тв"
" |text данные наш дом коллективный антенна перейти цифровой tv аналоговый сигнал перестать показывать телевизор lg lk цифровой приемник dvb перенастройка показывать канал россия нтв мультиплекс ртрс просить подключить"
" |text купить приставка подключить настраиваться канал начинать рен тв муза тв основный го й"
" |text подключение это кабель работать цифровой телевидение обращаться подключение нести финансовый расход знать работоспособность"
" |text установка цифровой телевидение антен оборудование необходимый приобрести"
" |text сей пора подключить цтв приходить волонтер антенщик каждый свой мнение необходимый сделать итог вынудить купить телевизор приставка домашний антен каждый тв это коллективный антен исправно платить безобразие"
" |text работать цифровой тв коллективный антенна приставка рабочий проверять адрес"
" |text транслироваться мультиплекс цифровой телевидение показывать"
" |text работать цифровой телевидение современный телевизор проблема антенный возможно"
" |text возможно смотреть телевизор постоянно сигнал стоп кадр очень плохой качество цифровой телевидение"
" |text сожаление цифровой телевидение пропасть канал отр россия хотя год установка приставка весь показывать исправно"
